key,0
#,
offset,0
int32,str
0,""
1,"<hex:021E020B03> Withdraw Item"
2,"<hex:021E020D03> + <hex:021E020E03>Paste  <hex:021E020B03>Delete  <hex:020844E95FFF3A><hex:020836E4E94F64FF17><hex:021E020C03>Software Keyboard<hex:FF18><hex:021E020C03>On-screen Keyboard<hex:03><hex:FF05><hex:021D0103><hex:03>"
3,"<hex:021E020903> Change Order  <hex:021E020B03> Subcommands"
4,"<hex:021E020C03> Execute Search"
5,"<hex:021E020B03> Subcommands  <hex:021E020903> Purchase　<hex:021E020C03> Select Item to Sell"
6,"<hex:021E020B03> Subcommands  <hex:021E020C03> Text Commands"
7,"<hex:021E020B03> Subcommand  <hex:021E020C03> New Letter"
8,"<hex:021E020B03> Subcommands"
9,"<hex:021E020903><hex:021E020B03>Subcommands  <hex:021E020A03>Back"
10,"<hex:021E020903> Target Attachment"
11,"<hex:021E020B03> Prioritize/Hide in Duty List <hex:021E021903> Scroll"
12,"<hex:021E020B03> Subcommands  <hex:021E020A03> Return"
13,"<hex:021E020D03>"
14,"<hex:021E020E03>"
15,"<hex:021E020B03> Set to Hotbar  <hex:021E020903> Execute Action"
16,"<hex:021E020B03> Subcommands"
17,"<hex:021E021803> Scroll  <hex:021E020C03> Switch Type  <hex:021E020D03>+<hex:021E021803> Zoom  <hex:021E020903> Toggle Map"
18,"<hex:021E021803> Scroll  <hex:021E020C03> Switch Type  <hex:021E020D03>＋<hex:021E020B03> Toggle Floor  <hex:021E020D03>+<hex:021E021803> Zoom  <hex:021E020903> Toggle Map"
19,"<hex:021E020903><hex:021E020B03> Subcommands"
20,"<hex:021E020903><hex:021E020B03> Subcommands"
21,"<hex:021E020903><hex:021E020B03> Subcommands"
22,"<hex:021E020B03> Subcommands"
23,"<hex:021E020B03>Subcommands  <hex:021E020C03>Select Item"
24,"<hex:021E020903> Put up for Sale  <hex:021E020B03> Subcommands"
25,"<hex:021E020903><hex:021E020B03> Subcommands  <hex:021E020C03> Select Item"
26,"<hex:021E020B03> Subcommands"
27,"<hex:021E020B03> Subcommands"
28,"<hex:021E020B03> Subcommands　<hex:021E020A03> Return"
29,"<hex:021E020B03> Subcommands　<hex:021E020A03> Return"
30,"<hex:021E020903>Accept　<hex:021E020C03>Open Journal  <hex:021E021903> Scroll"
31,"<hex:021E020C03> Execute Search"
32,"<hex:021E020B03> Subcommands <hex:021E020903> View Search Results <hex:021E020A03> Back"
33,"<hex:021E020B03> Subcommands  <hex:021E020903> View Search Results  <hex:021E020A03> Back  <hex:021E020D03><hex:021E020E03> Turn Pages"
34,"<hex:021E020903><hex:021E020B03> Subcommands"
35,"<hex:021E020C03> Reload List  <hex:021E020B03> Subcommands  <hex:021E020903> View Details"
36,"<hex:021E020C03> Search"
37,"<hex:021E020B03><hex:021E020C03> Cycle Between Roles  <hex:021E020903> Specify Class/Job"
38,"<hex:021E020B03> Subcommands  <hex:021E020903> Exchange"
39,"<hex:021E020B03> Subcommand"
40,"<hex:021E020B03> Subcommands  <hex:021E020903> Confirm  <hex:021E020A03> Close"
41,"<hex:021E020E03>"
42,"<hex:021E020D03>"
43,"<hex:021E021803> Scroll  <hex:021E020C03> Switch Type  <hex:021E020D03>+<hex:021E021803> Zoom  <hex:021E020903> Teleport"
44,"<hex:021E020B03> Subcommands"
45,"<hex:021E020903><hex:021E020B03> Subcommands"
46,"<hex:021E020B03> Subcommands  <hex:021E020C03> Macro Editor  <hex:021E021903> Scroll"
47,"<hex:021E020903> Select Materia  <hex:021E020C03> Move to Materia Transmutation"
48,"<hex:021E020903> Deselect Materia  <hex:021E020C03> Move to Inventory"
49,"<hex:021E020C03> Move to Inventory"
50,"<hex:021E020B03> Subcommands <hex:021E020C03> Search for Matching Items"
51,"<hex:021E021503> Move <hex:021E021A03> Rotate <hex:021E020D03>＋<hex:021E021903> Zoom In/Out"
52,"<hex:021E020D03><hex:021E020E03> Toggle Lists"
53,"<hex:021E021803> Scroll"
54,"<hex:021E020B03> Cancel"
55,"<hex:021E020903> Enter Room  <hex:021E020B03> View Room Details"
56,"<hex:021E020903> Train  <hex:021E020B03> Subcommands"
57,"<hex:021E020903> Train  <hex:021E020B03> Subcommands"
58,"<hex:021E020C03> Display Vista Record  <hex:021E020B03> Subcommands"
59,"<hex:021E020C03> Display Impressions  <hex:021E020B03> Subcommands"
60,"<hex:021E020B03> Set to Hotbar  <hex:021E020903> Summon"
61,"<hex:021E020B03> Subcommands"
62,"<hex:021E020C03> Change Display  <hex:021E020B03> Subcommands"
63,"<hex:021E020B03> Subcommands"
64,"<hex:021E020C03> Confirm"
65,"<hex:021E020B03> Subcommands  <hex:021E020903> Select"
66,"<hex:021E020B03> Subcommands"
67,"<hex:021E020B03> Subcommands  <hex:021E020203>Select Log  <hex:021E020C03> Expand Log"
68,"<hex:021E020203>Select Log  <hex:021E020C03> Expand Log"
69,"<hex:021E020903> Register in Additional Actions"
70,"<hex:021E020B03> Subcommands  <hex:021E020903> Select"
71,"<hex:021E020903> Change Gear  <hex:021E020B03> Subcommands  <hex:021E020D03><hex:021E020E03> Change Category"
72,"<hex:021E020B03> Subcommands  <hex:021E020203> Select Log  <hex:021E020303> Toggle Tabs  <hex:021E020C03> Expand Log"
73,"<hex:021E020B03> Subcommands  <hex:021E020A03> Chat Input  <hex:021E020C03> Expand Log"
74,"<hex:021E020B03> Subcommands  <hex:021E020A03> Chat Input  <hex:021E020C03> Restore Log Size"
75,"<hex:021E020603> History  <hex:021E020D03> + <hex:021E020E03> Paste  <hex:021E020B03> Delete  <hex:021E020E03> Auto-translate <hex:020846E95FFF3C><hex:020838E4E94F64FF18><hex:021E020C03> Software Keyboard<hex:FF19><hex:021E020C03> On-screen Keyboard<hex:03><hex:FF05><hex:021D0103><hex:03>"
76,"<hex:021E020403> Previous  <hex:021E020503> Next  <hex:021E020E03> Auto-translate"
77,"<hex:021E020B03> Subcommands  <hex:021E020C03> Apply"
78,"<hex:021E020C03> Apply  <hex:021E020B03> Delete Settings　"
79,"<hex:021E020903> Skip  <hex:021E020A03> Cancel"
80,"<hex:021E020D03><hex:021E020E03> Select Class"
81,"<hex:021E020903><hex:021E020B03> Subcommands  <hex:021E020C03> Search Parameters"
82,"<hex:021E020603> Order  <hex:021E020903> Confirm  <hex:021E020A03> Cancel"
83,"<hex:021E020803> Move  <hex:021E020903> Confirm  <hex:021E020A03> Cancel"
84,"<hex:021E020C03> Edit Company Board"
85,"<hex:021E020B03> Subcommands"
86,"<hex:021E020903> Retrieve Online Status  <hex:021E020B03> Subcommands"
87,"<hex:021E020C03> Apply"
88,"<hex:021E020C03> Apply"
89,"<hex:021E020B03> Subcommands  <hex:021E020C03> Apply"
90,"<hex:021E020B03> Subcommands  <hex:021E020A03> Return"
91,"<hex:021E020B03> Subcommands  <hex:021E020A03> Return"
92,"<hex:021E020B03> Subcommands  <hex:021E020A03> Return"
93,"<hex:021E020903> Move to Armoury Chest  <hex:021E020B03> Subcommands"
94,"<hex:021E020B03> Subcommands  <hex:021E020D03><hex:021E020E03> Change Category"
95,"<hex:021E020903> Open Inventory  <hex:021E020D03><hex:021E020E03> Change Category"
96,"<hex:021E020B03> Subcommands  <hex:021E020D03><hex:021E020E03> Change Category  <hex:021E020A03> Return"
97,"<hex:021E020B03> Subcommands  <hex:021E020D03><hex:021E020E03> Change Category  <hex:021E020A03> Return"
98,"<hex:021E020B03> Subcommands  <hex:021E020D03><hex:021E020E03> Change Category  <hex:021E020A03> Return"
99,"<hex:021E020B03> Subcommands  <hex:021E020D03><hex:021E020E03> Change Category  <hex:021E020A03> Return"
100,"<hex:021E020B03> Subcommands  <hex:021E020D03><hex:021E020E03> Change Category  <hex:021E020A03> Return"
101,"<hex:021E020B03> Subcommands  <hex:021E020D03><hex:021E020E03> Change Category  <hex:021E020A03> Return"
102,"<hex:021E020B03> Gear Subcommands"
103,"<hex:021E020D03><hex:021E020E03> Select Category"
104,"<hex:021E020B03> Subcommands  <hex:021E020403><hex:021E020503> Change Page"
105,"<hex:021E020903> Retrieve Online Status  <hex:021E020B03> Subcommands  <hex:021E020403><hex:021E020503> Change Page"
106,"<hex:021E021803> Scroll"
107,"<hex:021E020903> Use  <hex:021E020B03> Subcommands"
108,"<hex:021E020B03> Set to Hotbar"
109,"<hex:021E020B03> Select  <hex:021E020C03> Register  <hex:021E021903> Scroll"
110,"<hex:021E020B03> Return Item"
111,"<hex:021E020903> Select Item"
112,"<hex:021E020603> Scroll"
113,"<hex:021E020B03> Subcommands  <hex:021E020C03> Select Item"
114,"<hex:021E020803> Move  <hex:021E020903> Select  <hex:021E020A03> Cancel"
115,"<hex:021E020903> Remove Item <hex:021E020C03> Select Item"
116,"<hex:021E020B03> Subcommands  <hex:021E020A03> Return"
117,"<hex:021E020B03> Subcommands  <hex:021E020D03><hex:021E020E03> Change Category  <hex:021E020A03> Return"
118,"<hex:021E020B03> Set to Hotbar"
119,"<hex:021E020B03> Subcommands"
120,"<hex:021E020903> Equip/Remove Gear"
121,"<hex:021E020C03> Randomize"
122,"<hex:021E020903> Select Tincture  <hex:021E020C03> Randomize"
123,"<hex:021E020903> Select  <hex:021E020C03> Randomize"
124,"<hex:021E021903> Scroll"
125,"<hex:021E020403><hex:021E020503> Move <hex:021E020903> Confirm"
126,"<hex:021E020C03> Apply"
127,"<hex:021E020C03> Select Item to Deposit"
128,"<hex:021E020B03> Subcommands  <hex:021E020203> Select Log  <hex:021E020C03> Restore Log Size"
129,"<hex:0212021203> Change Element Size  <hex:021E020C03> Hide/Display"
130,"<hex:021E020B03> Subcommands  <hex:021E020C03> View Set"
131,"<hex:021E020903> Display Locations"
132,"<hex:021E021803> Scroll Map"
133,"<hex:021E021803> Scroll Map  <hex:021E020903> Fish Guide"
134,"<hex:021E020203> Select Log  <hex:021E020303> Toggle Tabs  <hex:021E020C03> Expand Log"
135,"<hex:021E020203> Select Log  <hex:021E020C03> Restore Log Size"
136,"<hex:021E020C03> Select Item to Deposit"
137,"<hex:021E020B03> Undo Changes"
138,"<hex:021E020B03> Subcommands <hex:021E020C03> View Furnishings"
139,"<hex:021E020B03> Subcommands  <hex:021E020C03> Inventory<hex:020826E4E96A01FF1E>  <hex:021E020F03><hex:021E021003> Toggle Storeroom<hex:FF01><hex:03>"
140,"<hex:021E020C03> Move"
141,"<hex:021E021503> Move <hex:021E021A03> Rotate <hex:021E020D03>＋<hex:021E021903> Zoom In/Out"
142,"<hex:021E020B03> Gear Subcommands  <hex:021E021503> Move <hex:021E021A03> Rotate  <hex:021E020D03>＋<hex:021E021903> Zoom In/Out"
143,"<hex:021E020B03> Set to Hotbar"
144,"<hex:021E020B03> Subcommands  <hex:021E020203> Select Log  <hex:021E020303> Toggle Tabs"
145,"<hex:021E020B03> Subcommands  <hex:021E020A03> Back"
146,"<hex:021E020203> Select Log  <hex:021E020303> Toggle Tabs"
147,"<hex:021E020D03><hex:021E020E03> Cycle Tab"
148,"<hex:021E020A03> Chat Input  <hex:021E020C03> Expand Log"
149,"<hex:021E020A03> Chat Input  <hex:021E020C03> Restore Log Size"
150,"<hex:021E021803> Scroll   <hex:021E020C03> Switch Type  <hex:021E020D03>+<hex:021E021803> Zoom In/Out"
151,"<hex:021E020B03> Subcommands"
152,"<hex:021E020A03> Back"
153,"<hex:021E020203> Select Log  <hex:021E020303> Toggle Tabs"
154,"<hex:021E020D03><hex:021E020E03> Select Class"
155,"<hex:021E020D03><hex:021E020E03> Select Category  <hex:021E020B03> Subcommands  <hex:021E020C03> Synthesize"
156,"<hex:021E020B03> Subcommands  <hex:021E020C03> Synthesize"
157,"<hex:021E020A03> Target Close Button"
158,"<hex:021E020A03> Target Close Button"
159,"<hex:021E020B03> Subcommands"
160,"<hex:021E020B03> Subcommands"
161,"<hex:021E020B03> Subcommands"
162,"<hex:021E020B03> Gear Subcommands  <hex:021E021503> Move  <hex:021E021A03> Rotate  <hex:021E020D03>+<hex:021E021903> Zoom In/Out"
163,"<hex:021E021803> Scroll  <hex:021E020C03> Switch Type  <hex:021E020D03>+<hex:021E021803> Zoom In/Out <hex:021E020D03>+<hex:021E020E03> Map Link"
164,"<hex:021E021803> Scroll  <hex:021E020C03> Switch Type  <hex:021E020D03>＋<hex:021E020B03> Toggle Floor  <hex:021E020D03>+<hex:021E021803> Zoom In/Out <hex:021E020D03>+<hex:021E020E03> Map Link"
165,"<hex:021E020C03> Select Random Number"
166,"<hex:021E020B03> Subcommands"
167,"<hex:021E020B03> Subcommands"
168,"<hex:021E020C03> Select Random Word"
169,"<hex:021E020B03> Subcommands"
170,"<hex:021E020C03> Display Rules"
171,"<hex:021E020B03> Subcommands  <hex:021E020903> Select Item"
172,"<hex:021E020A03> Target Close Button"
173,"––––––––––––<hex:02100103>lua 5.1.4 / MIT License<hex:02100103>––––––––––––<hex:02100103>Copyright (C) 1994-2008 Lua.org, PUC-Rio.<hex:02100103><hex:02100103>Permission is hereby granted, free of charge, to any person obtaining a copy of this software and associated documentation files (the “Software”), to deal in the Software without restriction, including without limitation the rights to use, copy, modify, merge, publish, distribute, sublicense, and/or sell copies of the Software, and to permit persons to whom the Software is furnished to do so, subject to the following conditions: <hex:02100103><hex:02100103>The above copyright notice and this permission notice shall be included in all copies or substantial portions of the Software.<hex:02100103><hex:02100103>THE SOFTWARE IS PROVIDED “AS IS”, WITHOUT WARRANTY OF ANY KIND, EXPRESS OR IMPLIED, INCLUDING BUT NOT LIMITED TO THE WARRANTIES OF MERCHANTABILITY, FITNESS FOR A PARTICULAR PURPOSE AND NONINFRINGEMENT. IN NO EVENT SHALL THE AUTHORS OR COPYRIGHT HOLDERS BE LIABLE FOR ANY CLAIM, DAMAGES OR OTHER LIABILITY, WHETHER IN AN ACTION OF CONTRACT, TORT OR OTHERWISE, ARISING FROM, OUT OF OR IN CONNECTION WITH THE SOFTWARE OR THE USE OR OTHER DEALINGS IN THE SOFTWARE.<hex:02100103><hex:02100103><hex:02100103>––––––––––––<hex:02100103>rsa-md5 / RSA Data Security License<hex:02100103>––––––––––––<hex:02100103>Copyright (C) 1991-2, RSA Data Security, Inc. Created 1991. All rights reserved.<hex:02100103><hex:02100103>License to copy and use this software is granted provided that it is identified as the “RSA Data Security, Inc. MD5 Message-Digest Algorithm” in all material mentioning or referencing this software or this function.<hex:02100103><hex:02100103>License is also granted to make and use derivative works provided that such works are identified as “derived from the RSA Data Security, Inc. MD5 Message-Digest Algorithm” in all material mentioning or referencing the derived work.<hex:02100103><hex:02100103>RSA Data Security, Inc. makes no representations concerning either the merchantability of this software or the suitability of this software for any particular purpose. It is provided “as is” without express or implied warranty of any kind.<hex:02100103><hex:02100103>These notices must be retained in any copies of any part of this documentation and/or software. <hex:02100103><hex:02100103><hex:02100103>––––––––––––<hex:02100103>SHA-1 (Internet Society)<hex:02100103>––––––––––––<hex:02100103>Copyright (C) The Internet Society (2001). All Rights Reserved.<hex:02100103><hex:02100103>This document and translations of it may be copied and furnished to others, and derivative works that comment on or otherwise explain it or assist in its implementation may be prepared, copied, published and distributed, in whole or in part, without restriction of any kind, provided that the above copyright notice and this paragraph are included on all such copies and derivative works. However, this document itself may not be modified in any way, such as by removing the copyright notice or references to the Internet Society or other Internet organizations, except as needed for the purpose of developing Internet standards in which case the procedures for copyrights defined in the Internet Standards process must be followed, or as required to translate it into languages other than English.<hex:02100103><hex:02100103>The limited permissions granted above are perpetual and will not be revoked by the Internet Society or its successors or assigns.<hex:02100103><hex:02100103>This document and the information contained herein is provided on an “AS IS” basis and THE INTERNET SOCIETY AND THE INTERNET ENGINEERING TASK FORCE DISCLAIMS ALL WARRANTIES, EXPRESS OR IMPLIED, INCLUDING BUT NOT LIMITED TO ANY WARRANTY THAT THE USE OF THE INFORMATION HEREIN WILL NOT INFRINGE ANY RIGHTS OR ANY IMPLIED WARRANTIES OF MERCHANTABILITY OR FITNESS FOR A PARTICULAR PURPOSE.<hex:02100103><hex:02100103>Acknowledgement<hex:02100103><hex:02100103>Funding for the RFC Editor function is currently provided by the Internet Society.<hex:02100103><hex:02100103><hex:02100103>––––––––<hex:02100103>zstream.h (zlib)<hex:02100103>––––––––<hex:02100103>Copyright (c) 1997<hex:02100103>Christian Michelsen Research AS<hex:02100103>Advanced Computing<hex:02100103>Fantoftvegen 38, 5036 BERGEN, Norway<hex:02100103>http://www.cmr.no<hex:02100103><hex:02100103>Permission to use, copy, modify, distribute and sell this software and its documentation for any purpose is hereby granted without fee, provided that the above copyright notice appear in all copies and that both that copyright notice and this permission notice appear in supporting documentation. Christian Michelsen Research AS makes no representations about the suitability of this software for any purpose. It is provided “as is” without express or implied warranty.<hex:02100103><hex:02100103><hex:02100103>–––<hex:02100103>LIBRARY FOR DUALSHOCK®4 & DualSense™ WIRELESS CONTROLLER<hex:02100103>–––<hex:02100103>“DUALSHOCK” and “DualSense” are registered trademarks or trademarks of Sony Interactive Entertainment Inc.<hex:02100103>Library programs for DUALSHOCK®4 and DualSense™ wireless controllers © 2021 Sony Interactive Entertainment Inc."
174,"<hex:021E020D03><hex:021E020E03> Select Category"
175,"<hex:021E020D03><hex:021E020E03> Toggle Phase  <hex:021E020B03> Subcommands"
176,"<hex:021E020D03><hex:021E020E03> Toggle Phase  <hex:021E020B03> Subcommands"
177,"<hex:021E020A03> Return  <hex:021E020C03> Commence Voyage"
178,"<hex:021E020B03> Subcommands"
179,"<hex:021E020903> Select <hex:021E020A03> Close <hex:021E020C03> Register"
180,"<hex:021E020603> History  <hex:021E020D03> + <hex:021E020E03> Paste  <hex:021E020B03> Delete  <hex:020844E95FFF3A><hex:020836E4E94F64FF17><hex:021E020C03>Software Keyboard<hex:FF18><hex:021E020C03>On-screen Keyboard<hex:03><hex:FF05><hex:021D0103><hex:03>"
181,"<hex:021E020B03> Subcommands  <hex:021E020C03> Apply Changes and Close"
182,"<hex:021E020A03> Apply Changes and Close"
183,"<hex:021E020B03> Subcommands  <hex:021E020C03> Display Minion List"
184,"<hex:021E020903> Summon"
185,"<hex:021E021903> Scroll"
186,"<hex:021E020B03> Set to Hotbar  <hex:021E020C03> Edit Minion Hotbar  <hex:021E020903> Summon"
187,"<hex:024804F201F403><hex:024904F201F503>Learn Your Structures<hex:0249020103><hex:0248020103><hex:02100103><hex:024804F201FA03><hex:024904F201FB03>Arcana Stones<hex:0249020103><hex:0248020103><hex:02100103>  You and your opponent each have three of these immobile crystals on<hex:02100103>  the playing field. Shatter all of your enemy's Arcana Stones to claim<hex:02100103>  victory.<hex:02100103><hex:024804F201FA03><hex:024904F201FB03>Gates<hex:0249020103><hex:0248020103><hex:02100103>  Minions will appear in front of your currently selected gate.<hex:02100103>  Returning minions to a gate area will restore their HP.<hex:02100103>  Minions can still be summoned from a destroyed gate, but they will be<hex:02100103>  unable to exit the gate area. Conversely, minions outside a destroyed<hex:02100103>  gate will be unable to enter.<hex:02100103><hex:024804F201FA03><hex:024904F201FB03>Search Eye<hex:0249020103><hex:0248020103><hex:02100103>  This structure reveals your opponent's minions. If the Search Eye is<hex:02100103>  destroyed, you will only be able to see enemy units that are near<hex:02100103>  your own minions.<hex:02100103><hex:024804F201FA03><hex:024904F201FB03>Shield<hex:0249020103><hex:0248020103><hex:02100103>  This structure adds defensive strength to Arcana Stones. Destroy the<hex:02100103>  enemy Shield and your opponent's Arcana Stones will be more easily<hex:02100103>  shattered.<hex:02100103><hex:02100103><hex:024804F201F403><hex:024904F201F503>Structural Regeneration<hex:0249020103><hex:0248020103><hex:02100103>  All structures except for Arcana Stones can only be temporarily<hex:02100103>  destroyed. Their various functions will reactivate at full strength<hex:02100103>  after a certain amount of time has passed.<hex:02100103>  ※Positioning your minions near a destroyed structure will hasten<hex:02100103>  　the reactivation process.<hex:02100103><hex:02100103><hex:024804F201F403><hex:024904F201F503>Play to Your Minions' Strengths<hex:0249020103><hex:0248020103><hex:02100103>  Each variety of minion is capable of inflicting greater damage against<hex:02100103>  certain structures. Learn each unit's strengths, and pick the right<hex:02100103>  minion for the job!<hex:02100103><hex:02100103><hex:024804F201F403><hex:024904F201F503>Turn the Tide with Special Actions<hex:0249020103><hex:0248020103><hex:02100103>  These conditions must be met before a special action can be used:<hex:02100103>  ・Four minions of the same variety are gathered in an action party<hex:02100103>  ・Each minion in the action party has full action points<hex:02100103>   (Action points accumulate over time)<hex:02100103>  To perform a special action, select an individual minion from the<hex:02100103>  action party, and press the Execute Action button on the minion<hex:02100103>  hotbar.<hex:02100103><hex:02100103><hex:024804F201F403><hex:024904F201F503>Mastering Traps<hex:0249020103><hex:0248020103><hex:02100103>  Some minions will place traps with their special actions. A trap will<hex:02100103>  become armed ten seconds after it has been placed, and it can then<hex:02100103>  be triggered by pressing the Trigger Trap button on the minion<hex:02100103>  hotbar.<hex:02100103>  ※Only one trap can be placed at a time.<hex:02100103><hex:02100103><hex:0208F20C76E1E95101FFF20635><hex:024804F201F403><hex:024904F201F503>Playing with a <hex:02081AE1E94C01FF0B>Controller<hex:FF08>Gamepad<hex:03><hex:0249020103><hex:0248020103><hex:02100103><hex:024804F201FA03><hex:024904F201FB03>Selecting Minions<hex:0249020103><hex:0248020103><hex:02100103>  ・Selecting an individual minion<hex:02100103>     <hex:021E020D03>＋<hex:021E020803>  : Select minion from party list<hex:02100103>  ・Selecting multiple minions<hex:02100103>     <hex:021E020C03>　　　: Activate selection circle and select targeted minions<hex:02100103><hex:024804F201FA03><hex:024904F201FB03>Useful Commands<hex:0249020103><hex:0248020103><hex:02100103>  ・General<hex:02100103>     <hex:0212021203>　　　: Switch summoning gate<hex:02100103>     <hex:021E021003>　　　: Toggle minion party list display<hex:02100103>     <hex:0212021103>　　　: Select summoning queue<hex:02100103>     <hex:021E020D03>＋<hex:0212020B03>  : Execute special action<hex:02100103>     <hex:021E020E03>＋<hex:021E021503>  : Move ground target pointer<hex:02100103>     <hex:021E020E03>＋<hex:0212021103>  : Reset ground target pointer<hex:02100103>     <hex:021E021303>  : Display help<hex:02100103>  ・Minion Selection<hex:02100103>     <hex:021E020D03>＋<hex:0212020903>  : Select all minions near currently selected minion<hex:02100103>     <hex:021E020D03>＋<hex:0212020C03>  : Select all nearby minions of same variety as currently<hex:02100103>　　　　　      selected minion<hex:02100103>     <hex:021E020D03>＋<hex:0212020A03>  : Select all minions of same variety as currently selected<hex:02100103>　　　　　      minion<hex:02100103>  ・Minimap Controls<hex:02100103>     <hex:021E020F03> while pressed : Record map jump point (release button to jump)<hex:02100103>     <hex:021E020F03>＋<hex:021E021803>  : Map jump point selection<hex:02100103>     <hex:021E020F03>＋<hex:0212021203>  : Restore map jump point defaults<hex:02100103><hex:02100103><hex:024804F201F403><hex:024904F201F503>Mouse Controls<hex:0249020103><hex:0248020103><hex:02100103><hex:024804F201FA03><hex:024904F201FB03>Selecting Minions<hex:0249020103><hex:0248020103><hex:02100103>   Left-Click : Select individual minion<hex:02100103>   　※Left-clicking on your currently selected minion will select all<hex:02100103>   　nearby minions of the same variety.<hex:02100103>   Left-Click + Drag : Select all minions in the selection square<hex:02100103><hex:FFF20635><hex:024804F201F403><hex:024904F201F503>Mouse Controls<hex:0249020103><hex:0248020103><hex:02100103><hex:024804F201FA03><hex:024904F201FB03>Selecting Minions<hex:0249020103><hex:0248020103><hex:02100103>   Left-Click : Select individual minion<hex:02100103>   　※Left-clicking on your currently selected minion will select all<hex:02100103>   　nearby minions of the same variety.<hex:02100103>   Left-Click + Drag : Select all minions in the selection square<hex:02100103><hex:02100103><hex:024804F201F403><hex:024904F201F503>Playing with a <hex:02081AE1E94C01FF0B>Controller<hex:FF08>Gamepad<hex:03><hex:0249020103><hex:0248020103><hex:02100103><hex:024804F201FA03><hex:024904F201FB03>Selecting Minions<hex:0249020103><hex:0248020103><hex:02100103>  ・Selecting an individual minion<hex:02100103>     <hex:021E020D03>＋<hex:021E020803>  : Select minion from party list<hex:02100103>  ・Selecting multiple minions<hex:02100103>     <hex:021E020C03>　　　: Activate selection circle and select targeted minions<hex:02100103><hex:024804F201FA03><hex:024904F201FB03>Useful Commands<hex:0249020103><hex:0248020103><hex:02100103>  ・General<hex:02100103>     <hex:0212021203>　　　: Switch summoning gate<hex:02100103>     <hex:021E021003>　　　: Toggle minion party list display<hex:02100103>     <hex:0212021103>　　　: Select summoning queue<hex:02100103>     <hex:021E020D03>＋<hex:0212020B03>  : Execute special action<hex:02100103>     <hex:021E020E03>＋<hex:021E021503>  : Move ground target pointer<hex:02100103>     <hex:021E020E03>＋<hex:0212021103>  : Reset ground target pointer<hex:02100103>     <hex:021E021303>  : Display help<hex:02100103>  ・Minion Selection<hex:02100103>     <hex:021E020D03>＋<hex:0212020903>  : Select all minions near currently selected minion<hex:02100103>     <hex:021E020D03>＋<hex:0212020C03>  : Select all nearby minions of same variety as currently<hex:02100103>　　　　　      selected minion<hex:02100103>     <hex:021E020D03>＋<hex:0212020A03>  : Select all minions of same variety as currently selected<hex:02100103>　　　　　      minion<hex:02100103>  ・Minimap Controls<hex:02100103>     <hex:021E020F03> while pressed : Record map jump point (release button to jump)<hex:02100103>     <hex:021E020F03>＋<hex:021E021803>  : Map jump point selection<hex:02100103>     <hex:021E020F03>＋<hex:0212021203>  : Restore map jump point defaults<hex:02100103><hex:03><hex:02100103><hex:024804F201F403><hex:024904F201F503>Keyboard Shortcuts<hex:0249020103><hex:0248020103><hex:02100103>  The following keybinds will be assigned different functions while<hex:02100103>  playing Lord of Verminion.<hex:02100103><hex:0208F0EFE4E94C02FF01><hex:FFF0E6>  Hotbar 1 - Slots 1 to 12 : Minion hotbar bottom row<hex:02100103>  Hotbar 2 - Slots 1 to 12 : Minion hotbar top row<hex:02100103>  Hotbar 3 - Slot 1 : Execute Action<hex:02100103>  Hotbar 3 - Slot 2 : Trigger Trap<hex:02100103>  Hotbar 3 - Slot 3 : Withdraw Minion<hex:02100103><hex:03>  Draw/Sheathe Weapon : Switch summoning gate<hex:02100103>  Minion Guide : Battle List"
188,"'<hex:021E020903> Select  <hex:021E020C03> Embark  <hex:021E021903> Scroll"
189,"<hex:021E020903>Change Order/Tier  <hex:021E020B03> Turn On/Off  <hex:021E020C03> Apply"
190,"<hex:021E020B03> Subcommands"
191,"<hex:021E020603> Change Order  <hex:021E020703> Change Tier  <hex:021E020903> Confirm  <hex:021E020A03> Cancel  <hex:021E020B03> Hide  <hex:021E020C03> Apply"
192,"<hex:021E020D03><hex:021E020E03> Select Category  <hex:021E020903> Listen  <hex:021E020C03> Set Roll  <hex:021E020B03> Subcommands"
193,"<hex:021E020D03><hex:021E020E03> Select Category  <hex:021E020903> Set Roll  <hex:021E020C03> Stop  <hex:021E020B03> Subcommands"
194,"<hex:021E020D03><hex:021E020E03> Select Category  <hex:021E020903> Stop  <hex:021E020B03> Subcommands"
195,"<hex:021E020D03><hex:021E020E03> Select Category  <hex:021E020903> Play  <hex:021E020B03> Subcommands"
196,"<hex:021E020903> Buyback"
197,"<hex:021E020B03> Gear Subcommands"
198,"<hex:021E021503> Move  <hex:021E021A03> Rotate  <hex:021E020D03>＋<hex:021E021903> Zoom In/Out"
199,"<hex:021E020B03> Gear Subcommands  <hex:021E021503> Move  <hex:021E021A03> Rotate  <hex:021E020D03>＋<hex:021E021903> Zoom In/Out"
200,"<hex:021E020903> Select  <hex:021E020C03> Begin  <hex:021E021903> Scroll"
201,"<hex:021E020D03><hex:021E020E03> Select Category"
202,"<hex:021E020903><hex:021E020B03> Subcommands  <hex:021E020D03><hex:021E020E03> Toggle Lists"
203,"<hex:021E020903> Change Role Order  <hex:021E020C03> Apply"
204,"<hex:021E020603> Move  <hex:021E020903> Confirm  <hex:021E020A03> Cancel  <hex:021E020C03> Apply"
205,"<hex:021E020B03> Select  <hex:021E020C03> Close Confirmation  <hex:021E021903> Scroll"
206,"<hex:021E020B03> Subcommands  <hex:021E020C03> Examine"
207,"<hex:021E020A03> Close  <hex:021E021903> Scroll"
208,"<hex:021E020A03> Close  <hex:021E021903> Scroll"
209,"<hex:021E020B03> Subcommands  <hex:021E020903> Confirm  <hex:021E020A03> Cancel"
210,"<hex:021E020B03> Subcommands  <hex:021E020903> Confirm  <hex:021E020A03> Cancel"
211,"<hex:021E020903> Listen  <hex:021E020C03> Play  <hex:021E020B03> Subcommands"
212,"<hex:021E020903> Play  <hex:021E020C03> Stop  <hex:021E020B03> Subcommands"
213,"<hex:021E020903> Stop  <hex:021E020B03> Subcommands"
214,"<hex:021E020C03> Edit Squadron"
215,"<hex:021E020B03> Subcommands  <hex:021E020A03> Close"
216,"<hex:021E020B03> Subcommands"
217,"<hex:021E020B03> Subcommands"
218,"<hex:021E020B03> Subcommands"
219,"<hex:021E020F03><hex:021E021003> Toggle Camera  <hex:021E021303> View Menu"
220,"<hex:021E020903> Move to Room  <hex:021E020B03> View Apartment Details"
221,"<hex:021E020B03> Subcommands"
222,"<hex:021E020B03> Subcommands"
223,"<hex:021E021803> Scroll  <hex:021E020D03>＋<hex:021E021803> Zoom  <hex:021E020E03> Toggle Camera"
224,"<hex:021E020B03> Subcommands"
225,"<hex:021E020B03> Subcommands  <hex:021E020C03> Toggle Environment"
226,"<hex:021E020A03> Close  <hex:021E021903> Scroll"
227,"<hex:021E020D03><hex:021E020E03> Select Category  <hex:021E020903> Add  <hex:021E020B03> Subcommands"
228,"<hex:021E020B03> Subcommands"
229,"<hex:021E020B03> Subcommands"
230,"<hex:021E020B03> Equipment Subcommands"
231,"<hex:021E020B03> Equipment Subcommands  <hex:021E021503> Move  <hex:021E021A03> Rotate  <hex:021E020D03>＋<hex:021E021903> Zoom"
232,"<hex:021E020903><hex:021E020B03> Subcommands"
233,"<hex:021E020B03> Subcommands"
234,"<hex:021E020B03> Subcommands"
235,"<hex:021E020B03> Set to Hotbar  <hex:021E020903> Execute Action"
236,"<hex:021E020903> Register in Additional PvP Actions"
237,"<hex:021E020B03> Subcommands  <hex:021E020903>Select"
238,"<hex:021E020403><hex:021E020503> Move <hex:021E020903> Confirm"
239,"<hex:021E021803> Scroll  <hex:021E020C03> Switch Type  <hex:021E020D03>＋<hex:021E020B03> Toggle Floor  <hex:021E020D03>+<hex:021E021803> Zoom"
240,"<hex:021E020903> Add PvP Trait"
241,"<hex:021E020903><hex:021E020B03> Subcommands"
242,"<hex:021E020A03> Give Up"
243,"<hex:021E020A03> Target Close Button"
244,"<hex:021E020603> Scroll  <hex:021E020A03> Close"
245,"<hex:021E020C03> Edit Squadron"
246,"<hex:021E020903> Retrieve Online Status  <hex:021E020B03> Subcommands"
247,"When using the performance actions, you are strictly prohibited from performing the music of any third parties. You may record and upload your performance and hereby agree to license such recordings to us for use by Square Enix or others in accordance with the terms of the “FINAL FANTASY XIV Material Usage License”."
248,"<hex:021E020B03> Subcommands"
249,"<hex:021E020C03> Start/Abandon"
250,"<hex:021E020C03> Start/Retry  <hex:021E020B03> Close"
251,"<hex:021E020B03> Subcommands  <hex:021E020C03> Select Item"
252,"<hex:021E020803> Move  <hex:021E020903> Confirm  <hex:021E020A03> Cancel"
253,"<hex:021E020B03>Subcommands  <hex:021E020A03> Return"
254,"<hex:021E020B03>Subcommands  <hex:021E020A03> Return"
255,"<hex:021E020B03>Subcommands  <hex:021E020D03><hex:021E020E03>Change Category  <hex:021E020A03> Return"
256,"<hex:021E020C03> Apply"
257,"<hex:021E020903> Affix Magicite　<hex:021E020B03> Remove Magicite"
258,"<hex:021E020C03> Change Target   <hex:021E020B03> Subcommands"
259,"<hex:021E020A03><hex:021E020C03> Change Target   <hex:021E020B03> Subcommands"
260,"<hex:021E020B03> Subcommands"
261,"<hex:021E020A03> Return to Plate"
262,"<hex:021E020B03> Subcommands　<hex:021E020A03> Return to Plate"
263,"<hex:021E020B03> Subcommands  <hex:021E021503> Move  <hex:021E021A03> Rotate  <hex:021E020D03>＋<hex:021E021903> Zoom"
264,"<hex:021E020B03> Subcommands"
265,"<hex:021E020B03> Subcommands"
266,"<hex:021E020903><hex:021E020B03> Subcommands"
267,"<hex:021E020A03> Close"
268,"<hex:021E020B03> Subcommands"
269,"<hex:021E020C03> Check All On/Off"
270,"<hex:021E020B03> Subcommands"
271,"<hex:021E020903> Remove Item  <hex:021E020C03> Select Item to Donate"
272,"<hex:021E020903><hex:021E020B03> Subcommands  <hex:021E020A03> Return"
273,"<hex:021E021903> Scroll"
274,"<hex:021E020B03><hex:021E020903> Subcommands"
275,"<hex:021E020B03> Subcommands  <hex:021E020C03> Move Favorite"
276,"<hex:021E020C03> Select Item to Donate"
277,"<hex:021E020903> Summon/Dismiss  <hex:021E020B03> Subcommands  <hex:021E020C03> Edit Minion Hotbar"
278,"<hex:021E020903> Summon/Dismiss  <hex:021E020B03> Subcommands <hex:021E020C03> Move"
279,"<hex:021E020803> Move  <hex:021E020C03><hex:021E020903> Confirm  <hex:021E020A03> Cancel"
280,"<hex:021E020603> History  <hex:021E020D03> + <hex:021E020E03> Paste  <hex:020846E95FFF3C><hex:020838E4E94F64FF18><hex:021E020C03> Software Keyboard<hex:FF19><hex:021E020C03> On-screen Keyboard<hex:03><hex:FF05><hex:021D0103><hex:03>"
281,"<hex:021E020603> Move  <hex:021E020903> Summon/Dismiss  <hex:021E020B03> Subcommands"
282,"<hex:021E020903> Execute  <hex:021E020B03> Subcommands"
283,"<hex:021E020903> Execute  <hex:021E020B03> Subcommands  <hex:021E020C03> Move"
284,"<hex:021E020803> Move  <hex:021E020C03><hex:021E020903> Confirm  <hex:021E020A03> Cancel"
285,"<hex:021E020603> History  <hex:021E020D03> + <hex:021E020E03> Paste  <hex:020846E95FFF3C><hex:020838E4E94F64FF18><hex:021E020C03> Software Keyboard<hex:FF19><hex:021E020C03> On-screen Keyboard<hex:03><hex:FF05><hex:021D0103><hex:03>"
286,"<hex:021E020603> Move  <hex:021E020903> Execute  <hex:021E020B03> Subcommands"
287,"<hex:021E020803> Move  <hex:021E020C03><hex:021E020903><hex:021E020B03> Confirm  <hex:021E020A03> Cancel"
288,"<hex:021E020903> Summon/Dismiss  <hex:021E020B03> Subcommands"
289,"<hex:021E020C03> New Letter"
290,"<hex:021E020B03> Subcommands  <hex:021E020903> Accept"
291,"<hex:021E020903> Add to Active Actions"
292,"<hex:021E020B03> Subcommands  <hex:021E020903> Assign New Slot"
293,"<hex:021E020803> Move  <hex:021E020903> Confirm  <hex:021E020A03> Cancel"
294,"<hex:021E020A03> Close"
295,"<hex:021E020B03> Subcommands  <hex:021E020903> Set  <hex:021E020A03> Manipulate  <hex:021E020C03> Logos Actions"
296,"<hex:021E020903> Enable  <hex:021E020C03> Close"
297,"<hex:021E020C03> Select Logogram  <hex:021E020B03> Subcommands"
298,"<hex:021E020B03><hex:021E020903> Subcommands"
299,"<hex:021E020B03> Subcommands  <hex:021E020A03><hex:021E020C03> Manipulate"
300,"<hex:021E020C03> Select Logogram  <hex:021E020A03> Close"
301,"<hex:021E020B03> Subcommands"
302,"<hex:021E020B03> Subcommands"
303,"<hex:021E020903><hex:021E020B03> View Tag"
304,"<hex:021E020903><hex:021E020B03> View Tag"
305,"<hex:021E020B03> Delete<hex:02084AE95FFF40><hex:02083CE4E94F64FF1A>  <hex:021E020C03> Software Keyboard<hex:FF1B>  <hex:021E020C03> On-screen Keyboard<hex:03><hex:FF05><hex:021D0103><hex:03>"
306,"<hex:021E020903><hex:021E020B03> Subcommands"
307,"<hex:021E020903>Execute Action  <hex:021E020B03>Set to Hotbar  <hex:021E020C03> Edit Hotbar"
308,"<hex:021E020903>Execute Action  <hex:021E020B03>Set to Hotbar"
309,"<hex:021E020903>Execute Action  <hex:021E020B03>Set to Hotbar"
310,"<hex:021E020D03><hex:021E020E03> Toggle Stage Info"
311,"<hex:021E020903> Confirm  <hex:021E021903> Scroll"
312,"<hex:021E020903> Confirm"
313,"<hex:021E020B03> Change Calls  <hex:021E020C03> Toggle Support Features"
314,"<hex:021E020903> Retrieve Online Status  <hex:021E020B03> Subcommands  <hex:021E020A03> Return"
315,"<hex:021E020D03><hex:021E020E03> Toggle Act Info  <hex:021E020903> Confirm Enemy's Vulnerabilities"
316,"<hex:021E020903> Confirm  <hex:021E020B03> Subcommands"
317,"<hex:021E020903> Select  <hex:021E020B03> Subcommands"
318,"<hex:021E020603> Scroll"
319,"<hex:021E020903> Select Item"
320,"<hex:021E020903> Add/Remove Party Member"
321,"<hex:021E020B03>Subcommands  <hex:021E020903> Add/Remove Party Member"
322,"<hex:021E020903> Toggle On/Off  <hex:021E020B03> Toggle Others On/Off  <hex:021E020C03> Filter"
323,"<hex:021E020A03> Close <hex:021E021903> Scroll"
324,"<hex:021E020903> Select <hex:021E020A03> Close <hex:021E020C03> Register <hex:021E021903> Scroll"
325,"<hex:021E020903> To Details  <hex:021E021903> Scroll  <hex:021E020B03> Subcommands"
326,"<hex:021E020B03> Subcommands"
327,"<hex:021E020B03>Subcommands  <hex:021E020C03>Enable/Disable Quick Gathering"
328,"<hex:021E020903> View Details  <hex:021E021903> Scroll <hex:021E020B03> Subcommands"
329,"<hex:021E020B03> Subcommands"
330,"<hex:021E020B03> Subcommands"
331,"<hex:021E020B03> Subcommands  <hex:021E020D03><hex:021E020E03> Change Page"
332,"<hex:021E020B03> Subcommands"
333,"<hex:021E020B03> Set to Hotbar  <hex:021E020903> Execute Action"
334,"<hex:021E021903> Scroll"
335,"<hex:021E020B03> Subcommands"
336,"<hex:021E020B03> Subcommands  <hex:021E020C03> Return  <hex:021E020A03> Close"
337,"<hex:021E020B03> Subcommands"
338,"<hex:021E020B03> Subcommands  <hex:021E020903> Select"
339,"<hex:021E020C03> Apply"
340,"<hex:021E020B03> Subcommands <hex:021E020D03><hex:021E020E03> Change Page"
341,"<hex:021E020B03> Subcommands"
342,"<hex:021E020A03> Return to Toy Chest"
343,"<hex:021E020A03> Target Close Button"
344,"<hex:021E020903><hex:021E020B03> Subcommands  <hex:021E020A03> Back"
345,"<hex:021E020B03> Subcommands  <hex:021E020903> Execute"
346,"<hex:021E020903> Use  <hex:021E020C03> Return"
347,"<hex:021E020803> Move  <hex:021E020903> Turn Panel"
348,"<hex:021E020903> Move to Lost Finds Holster  <hex:021E020B03> Subcommands  <hex:021E020C03> Manage Lost Finds Holster"
349,"<hex:021E020903> Use  <hex:021E020B03> Subcommands  <hex:021E020C03> Return"
350,"<hex:021E020903> Move to Lost Finds Cache  <hex:021E020B03> Subcommands  <hex:021E020C03> Manage Lost Finds Cache"
351,"<hex:021E020C03> Return"
352,"<hex:021E020C03> Manage Lost Finds Cache"
353,"<hex:021E020C03> Recommended"
354,"<hex:021E020A03> Close"
355,"<hex:021E021903> Scroll"
356,"<hex:021E020B03> Subcommands"
357,"<hex:021E020B03> Subcommands  <hex:021E020903> Exchange"
358,"<hex:021E020B03> Subcommands"
359,"<hex:021E020B03> Display Map"
360,"<hex:021E020203>"
361,"<hex:021E020303>"
362,"<hex:021E020403>"
363,"<hex:021E020503>"
364,"<hex:021E020603>"
365,"<hex:021E020703>"
366,"<hex:021E020803>"
367,"<hex:021E020903>"
368,"<hex:021E020A03>"
369,"<hex:021E020B03>"
370,"<hex:021E020C03>"
371,"<hex:021E020D03>"
372,"<hex:021E020E03>"
373,"<hex:021E020F03>"
374,"<hex:021E021003>"
375,"<hex:0212021103>"
376,"<hex:0212021203>"
377,"<hex:021E021303>"
378,"<hex:021E021403>"
379,"<hex:021E021503>"
380,"<hex:021E021603>"
381,"<hex:021E021703>"
382,"<hex:021E021803>"
383,"<hex:021E021903>"
384,"<hex:021E021A03>"
385,"<hex:021E020C03> Quick Scroll <hex:021E020B03> Subcommands"
386,"<hex:021E020603> History <hex:021E020D03> + <hex:021E020E03> Paste <hex:021E020B03> Delete <hex:020844E95FFF3A><hex:020836E4E94F64FF17><hex:021E020C03>Software Keyboard<hex:FF18><hex:021E020C03>On-screen Keyboard<hex:03><hex:FF05><hex:021D0103><hex:03>"
387,"<hex:021E020903> Claim Rewards <hex:021E020B03> Subcommands"
388,"<hex:021E020B03> Subcommands"
389,"<hex:021E020B03> Subcommands"
390,"<hex:021E020D03><hex:021E020E03> Select Class <hex:021E020B03> Subcommands"
391,"<hex:021E020D03><hex:021E020E03> Select Class  <hex:021E020903> Open Map"
392,"<hex:021E020603> Select Destination <hex:021E020903> Teleport <hex:021E020C03> Previous Location <hex:021E021803> Navigate Map"
393,"<hex:021E021803> Scroll <hex:021E020803> Return to List <hex:021E020C03> Previous Location"
394,"<hex:021E021803> Scroll <hex:021E020903> Teleport <hex:021E020C03> Previous Location <hex:021E020803> Return to List"
395,"<hex:021E020B03> Cycle Between Roles <hex:021E020903> Specify Class/Job  <hex:021E020C03> Execute Search"
396,"<hex:021E020B03> Select/Deselect All  <hex:021E020C03> Execute Search"
397,"<hex:021E020B03> Toggle Role or Single Class/Job"
398,"<hex:021E020B03> Toggle Area or Region"
399,"<hex:021E020C03> Select and Close"
400,"<hex:021E021803> Scroll <hex:021E020C03> Switch Type <hex:021E020D03>＋<hex:021E020B03> Toggle Floor <hex:021E020D03>＋<hex:021E021803> Zoom <hex:021E020903> Teleport"
401,"<hex:021E020B03> Subcommands  <hex:021E020C03> Register  <hex:021E021903> Scroll"
402,"<hex:021E020A03> Return to List  <hex:021E021903> Scroll"
403,"<hex:021E020B03> Subcommands  <hex:021E021903> Scroll"
404,"<hex:021E021903> Scroll"
405,"<hex:021E020903><hex:021E020C03> Preview  <hex:021E020B03> Subcommands  <hex:021E021503> Move  <hex:021E021A03> Rotate  <hex:021E020D03>＋<hex:021E021903> Zoom"
406,"<hex:021E020C03> Confirm and Register  <hex:021E020B03> Party Selection"
407,"<hex:021E020903> Change/Remove Members  <hex:021E020A03> End Selection"
408,"Trust"
409,"You may challenge previously completed main scenario dungeons of level 71 and above with a party of <hex:024804F201FA03><hex:024904F201FB03>NPC avatars<hex:0249020103><hex:0248020103>. Avatars will gain EXP and level up in accordance with their duty participation.<hex:02100103><hex:02100103><hex:024804F201F403><hex:024904F201F503>※When using Trust, coffers found in the duty will contain fewer items. In addition, some enemies will no longer drop rewards.<hex:0249020103><hex:0248020103>"
410,"Glamours"
411,"The glamour system will be unlocked for NPC avatars who have attained level 80. Use the <hex:024804F201FA03><hex:024904F201FB03>Glamour<hex:0249020103><hex:0248020103> icons or subcommand from the party selection window to adjust character appearances."
412,"Avatar Restrictions"
413,"It should be noted that certain avatars may not be permitted to accompany you into some instanced dungeons."
414,"Entering Dungeons"
415,"You may challenge a dungeon via two different methods: by calling upon the <hex:024804F201FA03><hex:024904F201FB03>support of trusty NPCs<hex:0249020103><hex:0248020103>, or by forming a party <hex:024804F201FA03><hex:024904F201FB03>with other players<hex:0249020103><hex:0248020103>. Player parties may be preformed or assigned via the Duty Finder. No matter what method you choose, the duty that awaits will offer comparable difficulty and experience.<hex:02100103><hex:02100103><hex:024804F201F403><hex:024904F201F503>※When challenging a duty with NPCs, coffers will contain fewer items. In addition, some enemies will no longer drop rewards.<hex:0249020103><hex:0248020103>"
416,"Duty Support"
417,"By choosing <hex:024804F201FA03><hex:024904F201FB03>Duty Support<hex:0249020103><hex:0248020103> under <hex:024804F201FA03><hex:024904F201FB03>Duty<hex:0249020103><hex:0248020103> in the main menu, or by accessing the entrance of any applicable duty, you can summon a <hex:024804F201FA03><hex:024904F201FB03>team of NPC allies<hex:0249020103><hex:0248020103> to assist you. NPC parties will be <hex:024804F201FA03><hex:024904F201FB03>automatically balanced<hex:0249020103><hex:0248020103> to suit your current class or job. Once you have made your preparations, select <hex:024804F201FA03><hex:024904F201FB03>Register for Duty<hex:0249020103><hex:0248020103>, and ready yourself for battle!"
418,"Commencing Duty"
419,"Once you have registered and your duty is available, a prompt window indicated by a <hex:024804F201FA03><hex:024904F201FB03>notification sound<hex:0249020103><hex:0248020103> will appear. Begin duty by selecting <hex:024804F201FA03><hex:024904F201FB03>Commence<hex:0249020103><hex:0248020103>.<hex:02100103><hex:02100103><hex:024804F201F403><hex:024904F201F503>※Please note that if you do not commence duty within the time limit, your registration will be automatically withdrawn, and you must start the process over.<hex:0249020103><hex:0248020103>"
420,"What Next?"
421,"Over the course of your adventures, the number of duties available to you will gradually increase. Should you encounter a duty for which NPC support is not available, access the <hex:024804F201FA03><hex:024904F201FB03>Duty Finder<hex:0249020103><hex:0248020103> to team up with other players instead. You may also rechallenge previously cleared duties by using either the <hex:024804F201FA03><hex:024904F201FB03>Duty Finder<hex:0249020103><hex:0248020103> or <hex:024804F201FA03><hex:024904F201FB03>Duty Support<hex:0249020103><hex:0248020103>, both accessible via <hex:024804F201FA03><hex:024904F201FB03>Duty<hex:0249020103><hex:0248020103> in the main menu."
422,"Party Selection"
423,"When challenging main scenario duties of level 71 and above, you may choose your favorite <hex:024804F201FA03><hex:024904F201FB03>support NPCs<hex:0249020103><hex:0248020103> with which to form a party. Click on a member of your current party to see all <hex:024804F201FA03><hex:024904F201FB03>members available for selection<hex:0249020103><hex:0248020103>."
424,"<hex:021E020903><hex:021E020B03> Subcommands"
425,"<hex:021E020903><hex:021E020B03> Subcommands"
426,""
427,""
428,"Duty Finder"
429,"The <hex:024804F201FA03><hex:024904F201FB03>Duty Finder<hex:0249020103><hex:0248020103> allows you to challenge dungeons and other duties with a <hex:024804F201FA03><hex:024904F201FB03>party of other players<hex:0249020103><hex:0248020103>. You may access it via <hex:024804F201FA03><hex:024904F201FB03>Duty<hex:0249020103><hex:0248020103> in the main menu, or by choosing the appropriate option at the entrance of any duty."
430,"Duty Registration"
431,"Enter dungeons and other duties via the <hex:024804F201FA03><hex:024904F201FB03>Duty Finder<hex:0249020103><hex:0248020103> by choosing your desired duty, then selecting <hex:024804F201FA03><hex:024904F201FB03>Join<hex:0249020103><hex:0248020103>. You will then be automatically matched with compatible players destined for the same duty.<hex:02100103><hex:02100103><hex:024804F201F403><hex:024904F201F503>※You may register for up to five duties at one time.<hex:02100103>※Duties marked by a lock symbol require certain conditions to be met before becoming accessible.<hex:0249020103><hex:0248020103>"
432,"Duty Status"
433,"When you register for a duty, it will appear along with an icon in your duty list. You may check <hex:024804F201FA03><hex:024904F201FB03>duty status<hex:0249020103><hex:0248020103>, including matching progress and approximate waiting times, by selecting this entry."
434,"Commencing Duty"
435,"Once you have been successfully matched with other players, a prompt window indicated by a <hex:024804F201FA03><hex:024904F201FB03>notification sound<hex:0249020103><hex:0248020103> will appear. Begin duty by selecting <hex:024804F201FA03><hex:024904F201FB03>Commence<hex:0249020103><hex:0248020103>.<hex:02100103><hex:02100103><hex:024804F201F403><hex:024904F201F503>※Please note that if you do not commence duty within the time limit, your registration will be automatically withdrawn, and you must start the process over.<hex:0249020103><hex:0248020103>"
436,"What Next?"
437,"Over the course of your adventures, the number of duties available to you will gradually increase. Many duties can be cleared via both the <hex:024804F201FA03><hex:024904F201FB03>Duty Finder<hex:0249020103><hex:0248020103> and <hex:024804F201FA03><hex:024904F201FB03>Duty Support<hex:0249020103><hex:0248020103> systems, so it's worth familiarizing yourself with both. You may also rechallenge previously cleared dungeons by accessing <hex:024804F201FA03><hex:024904F201FB03>Duty Finder<hex:0249020103><hex:0248020103> or <hex:024804F201FA03><hex:024904F201FB03>Duty Support<hex:0249020103><hex:0248020103> via <hex:024804F201FA03><hex:024904F201FB03>Duty<hex:0249020103><hex:0248020103> in the main menu."
438,"<hex:021E021503> Move <hex:021E021A03> Rotate <hex:021E020D03>＋<hex:021E021903> Zoom In/Out"
439,"<hex:021E020B03> Subcommands"
440,"<hex:021E020B03> Subcommands"
441,"Playback Controls"
442,"※Keyboard/Mouse settings listed are default.<hex:02100103><hex:0208F203FCE4E94C01FFF201EB><hex:02100103><hex:024804F201FA03><hex:024904F201FB03>Move Camera<hex:0249020103><hex:0248020103><hex:02100103><hex:021E021503> Stick/[W, A, S, D] Keys (Movement)<hex:02100103><hex:02100103><hex:024804F201FA03><hex:024904F201FB03>Reset Camera<hex:0249020103><hex:0248020103><hex:02100103><hex:0212021103> Button/[Z] Key (Draw/Sheathe Weapon)<hex:02100103><hex:02100103><hex:024804F201FA03><hex:024904F201FB03>Change Target Character<hex:0249020103><hex:0248020103><hex:02100103><hex:021E020803> Buttons/[<hex:020825E4E94F04FF0F>tab, shift+tab<hex:FF0F>Tab, Shift+Tab<hex:03>] Keys<hex:02100103><hex:02100103><hex:024804F201FA03><hex:024904F201FB03>Pause/Play<hex:0249020103><hex:0248020103><hex:02100103><hex:021E020C03> Button/[<hex:02081BE4E94F04FF0A>space bar<hex:FF0A>Space Bar<hex:03>] (Jump)<hex:02100103><hex:02100103><hex:024804F201FA03><hex:024904F201FB03>Open/Close Controls<hex:0249020103><hex:0248020103><hex:02100103><hex:021E020B03> Button/[R] Key or  Button (Auto Run)<hex:FFF20205><hex:02100103><hex:024804F201FA03><hex:024904F201FB03>Move Camera<hex:0249020103><hex:0248020103><hex:02100103>[W, A, S, D] Keys (Movement)/<hex:021E021503> Stick<hex:02100103><hex:02100103><hex:024804F201FA03><hex:024904F201FB03>Reset Camera<hex:0249020103><hex:0248020103><hex:02100103>[Z] Key (Draw/Sheathe Weapon)/<hex:0212021103> Button<hex:02100103><hex:02100103><hex:024804F201FA03><hex:024904F201FB03>Change Target Character<hex:0249020103><hex:0248020103><hex:02100103>[<hex:020825E4E94F04FF0F>tab, shift+tab<hex:FF0F>Tab, Shift+Tab<hex:03>] Keys/<hex:021E020803> <hex:02081EE4E96B64FF06>D-pad<hex:FF11>Directional Keys<hex:03><hex:02100103><hex:02100103><hex:024804F201FA03><hex:024904F201FB03>Pause/Play<hex:0249020103><hex:0248020103><hex:02100103>[<hex:02081BE4E94F04FF0A>space bar<hex:FF0A>Space Bar<hex:03>] (Jump)/<hex:021E020C03> Button<hex:02100103><hex:02100103><hex:024804F201FA03><hex:024904F201FB03>Open/Close Controls<hex:0249020103><hex:0248020103><hex:02100103>[R] Key or  Button (Auto Run)/<hex:021E020B03> Button<hex:03>"
443,"Recording Duties"
444,"The following conditions must be met to use the Duty Recorder:<hex:02100103>　1. Recorder is enabled.<hex:02100103>　2. Current duty is available for recording.<hex:02100103>　3. Parties meet minimum size requirements.<hex:02100103>　4. Record ready check has been executed.<hex:02100103><hex:02100103><hex:024804F201FA03><hex:024904F201FB03>1. Recorder settings are enabled<hex:0249020103><hex:0248020103><hex:02100103>Recorder settings can be adjusted under <hex:024804F201F403><hex:024904F201F503>Duty Recorder<hex:0249020103><hex:0248020103> in the main menu.<hex:02100103><hex:02100103><hex:024804F201FA03><hex:024904F201FB03>2. Current duty is available for recording<hex:0249020103><hex:0248020103><hex:02100103>Not all duties are available for recording.<hex:02100103>Recordable duties are marked with a special icon.<hex:02100103><hex:02100103><hex:024804F201FA03><hex:024904F201FB03>3. Parties meet minimum size requirements<hex:0249020103><hex:0248020103><hex:02100103>Duties undertaken by undersized parties cannot be recorded.<hex:02100103>※This includes parties formed via the Duty Finder.<hex:02100103>※Duties with the unrestricted party setting enabled cannot be recorded, even if minimum party size requirements are met.<hex:02100103><hex:02100103><hex:024804F201FA03><hex:024904F201FB03>4. Record ready check has been executed<hex:0249020103><hex:0248020103><hex:02100103>Approval from all party members is required before recording can begin.<hex:02100103>※Record ready checks must be performed within 5 minutes of commencing a duty.<hex:02100103><hex:02100103>Only 3 records may be saved at once. Oldest records will be overwritten.<hex:02100103>※Up to 2 records can be protected at once."
445,"Viewing Recorded Duties"
446,"The following conditions must be met to view duty records:<hex:02100103>　1. You are in an inn room.<hex:02100103>　2. Recorded duty is from the most recent game version.<hex:02100103><hex:02100103><hex:024804F201FA03><hex:024904F201FB03>1. You are in an inn room<hex:0249020103><hex:0248020103><hex:02100103>Duty playback is only available in inn rooms.<hex:02100103><hex:02100103><hex:024804F201FA03><hex:024904F201FB03>2. Recorded duty is from the most recent game version<hex:0249020103><hex:0248020103><hex:02100103>This includes both major updates and minor hotfixes.<hex:02100103>Recordings will become inaccessible after applying the newest data patch."
447,"Playback Controls"
448,"※Keyboard/Mouse settings listed are default.<hex:02100103><hex:0208F203FCE4E94C01FFF201EB><hex:02100103><hex:024804F201FA03><hex:024904F201FB03>Move Camera<hex:0249020103><hex:0248020103><hex:02100103><hex:021E021503> Stick/[W, A, S, D] Keys (Movement)<hex:02100103><hex:02100103><hex:024804F201FA03><hex:024904F201FB03>Reset Camera<hex:0249020103><hex:0248020103><hex:02100103><hex:0212021103> Button/[Z] Key (Draw/Sheathe Weapon)<hex:02100103><hex:02100103><hex:024804F201FA03><hex:024904F201FB03>Change Target Character<hex:0249020103><hex:0248020103><hex:02100103><hex:021E020803> Buttons/[<hex:020825E4E94F04FF0F>tab, shift+tab<hex:FF0F>Tab, Shift+Tab<hex:03>] Keys<hex:02100103><hex:02100103><hex:024804F201FA03><hex:024904F201FB03>Pause/Play<hex:0249020103><hex:0248020103><hex:02100103><hex:021E020C03> Button/[<hex:02081BE4E94F04FF0A>space bar<hex:FF0A>Space Bar<hex:03>] (Jump)<hex:02100103><hex:02100103><hex:024804F201FA03><hex:024904F201FB03>Open/Close Controls<hex:0249020103><hex:0248020103><hex:02100103><hex:021E020B03> Button/[R] Key or  Button (Auto Run)<hex:FFF20205><hex:02100103><hex:024804F201FA03><hex:024904F201FB03>Move Camera<hex:0249020103><hex:0248020103><hex:02100103>[W, A, S, D] Keys (Movement)/<hex:021E021503> Stick<hex:02100103><hex:02100103><hex:024804F201FA03><hex:024904F201FB03>Reset Camera<hex:0249020103><hex:0248020103><hex:02100103>[Z] Key (Draw/Sheathe Weapon)/<hex:0212021103> Button<hex:02100103><hex:02100103><hex:024804F201FA03><hex:024904F201FB03>Change Target Character<hex:0249020103><hex:0248020103><hex:02100103>[<hex:020825E4E94F04FF0F>tab, shift+tab<hex:FF0F>Tab, Shift+Tab<hex:03>] Keys/<hex:021E020803> <hex:02081EE4E96B64FF06>D-pad<hex:FF11>Directional Keys<hex:03><hex:02100103><hex:02100103><hex:024804F201FA03><hex:024904F201FB03>Pause/Play<hex:0249020103><hex:0248020103><hex:02100103>[<hex:02081BE4E94F04FF0A>space bar<hex:FF0A>Space Bar<hex:03>] (Jump)/<hex:021E020C03> Button<hex:02100103><hex:02100103><hex:024804F201FA03><hex:024904F201FB03>Open/Close Controls<hex:0249020103><hex:0248020103><hex:02100103>[R] Key or  Button (Auto Run)/<hex:021E020B03> Button<hex:03>"
449,"Functions"
450,"<hex:024804F201FA03><hex:024904F201FB03>Pause<hex:0249020103><hex:0248020103><hex:02100103>Temporarily stop playback.<hex:02100103><hex:02100103><hex:024804F201FA03><hex:024904F201FB03>Chapter Selection<hex:0249020103><hex:0248020103><hex:02100103>Start playback at the position selected.<hex:02100103>※Depending on chapter position, playback may not be instantaneous.<hex:02100103><hex:02100103><hex:024804F201FA03><hex:024904F201FB03>Next Chapter<hex:0249020103><hex:0248020103><hex:02100103>Skip to the next available chapter.<hex:02100103><hex:02100103><hex:024804F201FA03><hex:024904F201FB03>Previous Chapter<hex:0249020103><hex:0248020103><hex:02100103>Skip to the previous chapter.<hex:02100103><hex:02100103><hex:024804F201FA03><hex:024904F201FB03>HUD Display<hex:0249020103><hex:0248020103><hex:02100103>Toggle on/off on-screen UI elements.<hex:02100103>※Settings are saved for next playback.<hex:02100103><hex:02100103><hex:024804F201FA03><hex:024904F201FB03>Focus Target<hex:0249020103><hex:0248020103><hex:02100103>Displays focus target information for the selected target.<hex:02100103><hex:02100103><hex:024804F201FA03><hex:024904F201FB03>Exit<hex:0249020103><hex:0248020103><hex:02100103>Exit playback."
451,"<hex:021E020B03> Subcommands"
452,"<hex:021E021903> Scroll"
453,"<hex:021E020903> Open  <hex:021E021903> Scroll"
454,"<hex:021E021903> Scroll"
455,"<hex:021E020B03> Subcommands"
456,"<hex:021E020903> Release Minion  <hex:021E020B03> Subcommands  <hex:021E020C03> Move"
457,"<hex:021E020B03> Subcommands"
458,"<hex:021E020B03> Subcommands"
459,"<hex:021E020B03> Subcommands"
460,"<hex:021E020B03> Subcommands  <hex:021E021903> Scroll"
461,"<hex:021E020603> Move  <hex:021E020903> Release Minion  <hex:021E020B03> Subcommands"
462,"<hex:021E020903> Release Minion  <hex:021E020B03> Subcommands"
463,"<hex:021E020B03> Subcommands"
464,"<hex:021E020B03> Subcommands"
465,"<hex:021E020B03> Subcommand <hex:021E020C03> Multiple Select"
466,"<hex:021E020B03>サブコマンド <hex:021E021503>移動 <hex:021E021903>拡縮 <hex:021E020D03><hex:021E020E03>回転"
467,"<hex:021E020903> Commend Player"
468,"<hex:021E021903> Scroll"
469,"<hex:021E020C03> Claim Reward <hex:021E021903> Scroll"
470,"<hex:021E020B03> Subcommands <hex:021E021903> Scroll"
471,"<hex:021E020C03> Claim Reward <hex:021E020B03> Subcommands <hex:021E021903> Scroll"
472,"<hex:021E020B03> Subcommands"
473,"<hex:021E020B03> Subcommands"
474,"<hex:021E020C03> Confirm"
475,"<hex:021E020B03> Set to Hotbar  <hex:021E020D03><hex:021E020E03> Change Page"
476,"<hex:021E020D03><hex:021E020E03> Change Page"
477,"<hex:021E020903> Display Locations"
478,"<hex:021E020B03> Subcommands"
479,"<hex:021E020B03> Subcommands"
480,"<hex:021E020B03> Subcommands"
481,"<hex:021E021303> Finish Placing Furnishing Glamours"
482,"<hex:0212020E03>+<hex:0212021503> Move <hex:021E020F03><hex:021E021003> Rotate <hex:021E020B03> Subcommands <hex:021E020C03> <hex:020828E802FF11>Enable Grid Snap<hex:FF12>Disable Grid Snap<hex:03>"
483,"<hex:021E020B03> Subcommands  <hex:021E020C03> Registered Glamours List"
484,"<hex:021E020B03> Subcommands  <hex:021E020C03> Inventory<hex:020837E4E96A01FF2F>  <hex:021E020F03><hex:021E021003> Toggle Registered/Placed Glamours<hex:FF01><hex:03>"
485,"<hex:021E020C03> Apply"
486,"<hex:021E020B03> Subcommands <hex:021E020C03> <hex:020828E802FF11>Enable Grid Snap<hex:FF12>Disable Grid Snap<hex:03>"
487,"<hex:021E020B03> Subcommands"
488,"<hex:021E021303> Quit Coloring"
489,"<hex:021E021303> Finish Placing Furnishings"
490,"<hex:0212020E03>+<hex:0212021503> Move <hex:021E020F03><hex:021E021003> Rotate <hex:021E020C03><hex:020828E802FF11>Enable Grid Snap<hex:FF12>Disable Grid Snap<hex:03>"
491,"<hex:021E020C03><hex:020828E802FF11>Enable Grid Snap<hex:FF12>Disable Grid Snap<hex:03>"
492,"<hex:021E020903> Select"
493,"<hex:021E020B03> Subcommands <hex:021E020903> Equip"
494,"<hex:021E020C03> Enable/Disable Quick Gathering"
495,"<hex:021E020C03> Synthesize"
496,"<hex:021E020B03> Subcommands"
497,"<hex:021E020B03> Subcommands"
498,"<hex:021E020C03> Apply"
499,"<hex:021E021903> Scroll"
500,"<hex:021E021903> Scroll"
501,"<hex:021E021903> Scroll"
502,"<hex:021E020B03> Subcommands"
503,"<hex:021E020B03> Display Map"
504,"<hex:021E020B03>サブコマンド <hex:021E020C03>複数選択 <hex:021E021503>カーソルの移動"
505,"<hex:021E020903> Open/Close Preview  <hex:021E020C03> Preview  <hex:021E021503> Move  <hex:021E021A03> Rotate  <hex:021E020D03>＋<hex:021E021903> Zoom In/Out"
506,"<hex:021E020C03> Apply"
507,""
508,""
509,""
510,""
511,""
512,""
513,""
514,""
515,""
516,""
517,""
518,""
519,""
520,""
521,""
522,""
523,""
524,""
525,""
526,""
527,""
528,""
529,""
530,""
531,""
532,""
533,""
534,""
535,""
536,""
537,""
538,""
539,""
540,""
541,""
542,""
543,""
544,""
545,""
546,""
547,""
548,""
549,""
550,""
551,""
552,""
553,""
554,""
555,""
556,""
557,""
558,""
559,""
560,""
561,""
562,""
563,""
564,""
565,""
566,""
567,""
568,""
569,""
570,""
571,""
572,""
573,""
574,""
575,""
576,""
577,""
578,""
579,""
580,""
581,""
582,""
583,""
584,""
585,""
586,""
587,""
588,""
589,""
590,""
591,""
592,""
593,""
594,""
595,""
596,""
597,""
598,""
599,""
600,""
1000,"Report could not be sent.<hex:02100103>Please try again."
1001,""
1002,""
1003,"Fellowships"
1004,"Fellowships are gatherings of players who share common interests. With up to 1,000 members permitted in each fellowship, they provide an excellent way to connect and socialize with like-minded adventurers.<hex:02100103><hex:02100103>Anyone can create their own fellowship or become a member of another. Fellowships are cross-world, and you can belong to a maximum of ten at any given time.<hex:02100103><hex:02100103>To search for fellowships that are currently recruiting, select <hex:024804F201F403><hex:024904F201F503>Social<hex:0249020103><hex:0248020103> from the <hex:024804F201F403><hex:024904F201F503>main menu<hex:0249020103><hex:0248020103>, and then <hex:024804F201F403><hex:024904F201F503>Fellowship Finder<hex:0249020103><hex:0248020103>.<hex:02100103><hex:02100103>Each fellowship is led by a master, who can grant administrative rights to other members to assist them. The master role automatically falls to the fellowship's founder, but it can also be transferred to another.<hex:02100103><hex:02100103>Join a fellowship or create your own, and gain access to its myriad benefits!"
1005,"General Tab"
1006,"■Message of the Day<hex:02100103>Leave a message for fellowship members to see, be it a motto, an announcement, or something random. Messages can be posted by the master and admin members.<hex:02100103><hex:02100103>■Poll<hex:02100103>Polls can be created by the fellowship master and admin members. All members are eligible to cast one vote per poll.<hex:02100103><hex:02100103>■Notices<hex:02100103>Post up to five notices at a time. This feature is available only to the fellowship master and admin members."
1007,"Message Board Tab"
1008,"All fellowship members can post comments to the message board.<hex:02100103><hex:02100103>Up to 100 comments are displayed, with the oldest being deleted first. The fellowship master and admin members can delete comments at any time.<hex:02100103><hex:02100103>* Characters on the free trial cannot post to the message board during their first 14 days as a fellowship member."
1009,"Members Tab"
1010,"Displays the list of fellowship members. Here you can carry out various administrative tasks such as appointing admin members and transferring master privileges.<hex:02100103><hex:02100103>It is also possible to blacklist players. Doing so removes them from the fellowship and prevents them from rejoining in the future."
1011,"Other Functions"
1012,"■Settings<hex:02100103>This menu is accessible only to the master. Here you can rename the fellowship, set the fellowship's activities, manage the blacklist, and disband the fellowship. <hex:02100103><hex:02100103>■Recruitment<hex:02100103>Under this menu, you can recruit new members to the fellowship. Recruitment ends either when the target is reached, one week has elapsed, or the recruiter chooses to cancel the process. <hex:02100103><hex:02100103>■Admin<hex:02100103>The master can appoint admin members to assist in the management of the fellowship. Master privileges can only be transferred to an admin member. Furthermore, in order for the master to leave their fellowship, they must transfer their privileges first."
1013,"Fellowship Finder"
1014,"This menu displays the fellowships that are currently recruiting members, with the option to filter by activities and language."
1015,"Important Information"
1016,"<hex:024804F2020203>■Performance Actions: Important Information<hex:0248020103><hex:02100103>When using the performance actions, you are strictly prohibited from performing the music of any third parties. You may record and upload your performance and hereby agree to license such recordings to us for use by Square Enix or others in accordance with the terms of the “FINAL FANTASY XIV Material Usage License”."
1017,"Ensemble Mode"
1018,"<hex:024804F2020203>■Overview<hex:0248020103><hex:02100103>Ensemble mode makes it easier for you and your party members to play in sync for the benefit of your audience.<hex:02100103><hex:02100103><hex:024804F2020203>■Playback Differences between Performance and Ensemble Mode<hex:0248020103><hex:02100103>When ensemble mode is enabled, all party members will be heard in sync by players in the vicinity, but there will be a delay between the inputs and the sounds being heard by those performing, according to the playback type.<hex:02100103>Those who select “Self Only” will only hear their own instrument, while “All Members” plays the instruments of all members with an increased delay.<hex:02100103>※“Playback Type” can be found in ensemble mode's settings menu.<hex:02100103><hex:02100103><hex:024804F2020203>■Entering Ensemble Mode<hex:0248020103><hex:02100103>Follow the steps below to enter ensemble mode.<hex:02100103> 1. Select “Ensemble Ready Check” from the metronome menu.<hex:02100103> 2. With “Enter Ensemble Mode” enabled, select Begin.<hex:02100103> 3. Once all party members have responded to the ready check, you will enter ensemble mode.<hex:02100103><hex:02100103><hex:024804F2020203>■Ensemble Mode Requirements<hex:0248020103><hex:02100103>Ensemble mode can only be used if the following conditions have been met:<hex:02100103> 1. The party leader is using Performance mode.<hex:02100103> 2. All party members are in an area where Performance actions can be used. Ensemble mode cannot be used in inn rooms or Grand Company barracks.<hex:02100103> 3. Each area has a limit on the number of ensembles that can be present at any given time. If this limit has been reached, you will not be able to use ensemble mode in that area.<hex:02100103>"
1019,"Performance Assistance"
1020,"<hex:024804F2020203>■Performance Assistance<hex:0248020103><hex:02100103>This feature helps you to play along with a number of songs, with the timings and key presses displayed as you perform.<hex:02100103><hex:02100103><hex:024804F2020203>■Using Performance Assistance<hex:0248020103><hex:02100103>Follow the steps below to use Performance Assistance.<hex:02100103> 1. Select Performance Assistance from the Performance menu.<hex:02100103> 2. Select a song.<hex:02100103> 3. You may select the playback speed and whether or not to use a metronome.<hex:02100103><hex:02100103><hex:024804F2020203>■Important<hex:0248020103><hex:02100103>If a party member initiates an ensemble mode ready check while you are using Performance Assistance, a “No” response will be sent automatically. For this reason, it is not advisable to use Performance Assistance while in a party.<hex:02100103>"
1021,"<hex:0248020803><hex:0249020403>The rules of engagement on the Bozjan southern front are different than what you will have encountered before. The following pages contain a detailed explanation of what you may expect on the battlefield.<hex:0249020103><hex:0248020103><hex:02100103><hex:02100103><hex:0248020F03>Read and understand them well if you would gain the upper hand over the Empire's IVth Legion.<hex:0248020103>"
1022,"<hex:0248020803><hex:0249020403>■Level Sync<hex:0249020103><hex:0248020103><hex:02100103><hex:02100103>Though it is possible to join the Bozjan southern front beginning at level 71, all players will be synced to level 80 while in duty. Item level will also be synced accordingly.<hex:02100103><hex:02100103><hex:0248020F03>* All job actions unlocked through level 80 will also be available while in duty.<hex:0248020103>"
1023,"<hex:0248020803><hex:0249020403>■Resistance Rank<hex:0249020103><hex:0248020103><hex:02100103><hex:02100103>All players are subject to a separate leveling system while at the front, indicated by their “Resistance rank.” Performing admirably in large-scale battles such as skirmishes and critical engagements will increase your “mettle”─akin to experience points.<hex:02100103><hex:02100103><hex:0248020F03>* Simply defeating imperial troops and beasts is not enough to prove your mettle─you must participate in successful military operations.<hex:0248020103>"
1024,"If you demonstrate sufficient mettle upon reporting to the Resistance commander, your Resistance rank will climb. Those of higher rank will gain access to more areas of the front, as well as additional quests.<hex:02100103><hex:02100103><hex:0248020F03>* Your Resistance rank will not increase unless authorized by the commander, so don't forget to report for inspection!<hex:0248020103>"
1025,"<hex:0248020803><hex:0249020403>■Job Leveling<hex:0249020103><hex:0248020103><hex:02100103><hex:02100103>Upon successful completion of a military operation, you will gain regular experience points in addition to mettle. This experience will be applied to your job level as normal, so it is recommended that you consider using a job that has not yet reached level 80 to take advantage of experience point gains."
1026,"<hex:0248020803><hex:0249020403>■But Wait...<hex:0249020103><hex:0248020103><hex:02100103><hex:02100103>More information is available from Sjeros in Gangos and your Resistance comrades at the southern front, so don't hesitate to converse with them!"
1027,"Collectables"
1028,"The higher an item's collectability, the more attractive it is to certain NPCs who are seeking to purchase or trade for them. It should be noted, however, these items must meet a certain collectability threshold before they will be accepted by NPCs."
1029,"The Collectables Interface"
1030,"Selecting a collectable item in the gathering window will open the collectables interface. Here you can try to improve the item's collectability rating before adding it to your inventory."
1031,"Increasing Collectability"
1032,"Techniques such as <hex:024804F201F403><hex:024904F201F503>Scour<hex:0249020103><hex:0248020103> can be employed to increase the collectability of an item. It should be noted, however, the gathering point's <hex:024804F201F403><hex:024904F201F503>integrity<hex:0249020103><hex:0248020103> is diminished by the use of such actions. Integrity is also reduced when gathering items. One must be mindful of their actions to ensure integrity still remains after reaching a suitable collectability rating."
1033,"Collectable Actions"
1034,"There are three key actions used to raise collectability, each of which reduces the gathering point's integrity by one.<hex:02100103><hex:02100103>Scour<hex:02100103>Increases collectability by a fixed amount determined by your gathering rating.<hex:02100103><hex:02100103>Brazen Prospector / Brazen Woodsman<hex:02100103>Increases collectability by a random amount that may be lower or significantly higher than Scour. A potentially efficient option when gathering in a location where your desired item can be found in abundance.<hex:02100103><hex:02100103>Meticulous Prospector / Meticulous Woodsman<hex:02100103>Increases collectability by a fixed amount lower than Scour. However, there is chance integrity is unaffected. A good option when you're certain your next action will reach the desired collectability rating."
1035,"Gathering Collectables"
1036,"When the item reaches a sufficient collectability rating, use the <hex:024804F201F403><hex:024904F201F503>Collect<hex:0249020103><hex:0248020103> action to gather the item and add it to your inventory. Be mindful, however, that the integrity of the gathering spot is reduced by one for every item gathered. When its integrity reaches zero, no more items can be gathered.<hex:02100103><hex:02100103>※You may fail to gather an item if its gathering rate is not 100%."
1037,"Improving Collectability"
1038,"The effectiveness of collectable actions such as Scour can be enhanced further by first using <hex:024804F201F403><hex:024904F201F503>Scrutiny<hex:0249020103><hex:0248020103>. While this action does not affect the gathering point's integrity, it does cost GP. A higher perception rating will increase the potency of this action."
1039,"Collector's Intuition"
1040,"When using collectable actions, there is a chance to trigger <hex:024804F201F403><hex:024904F201F503>Collector's Intuition<hex:0249020103><hex:0248020103>, granting a bonus to collectability. The chance of triggering this bonus increases with a higher perception rating.<hex:02100103><hex:02100103>※You may also increase the chance of triggering this bonus by using Collector's Focus."
1041,"Collector's Standard"
1042,"When using collectable actions, there is a chance you will be granted the effect of <hex:024804F201F403><hex:024904F201F503>Collector's Standard<hex:0249020103><hex:0248020103>. While under this effect, the potency of brazen and meticulous actions is increased significantly."
1043,"Other Actions"
1044,"Raising collectability should not be your only focus when gathering collectables. Actions that increase gathering rate, as well as those that grant additional gathering attempts or restore integrity, are also essential to procure as many collectables as possible. Careful planning and effective use of all actions is the key to success for accomplished Disciples of the Land."
1045,"Prime and Sublime Collectables"
1046,"Prime collectable items that have reached maximum collectability will, on occasion, yield exceedingly rare items from aetherial reduction.<hex:02100103><hex:02100103>Moreover, these prime collectables may also become sublime when they are gathered with maximum collectability, which guarantees a yield of rare items from aetherial reduction.<hex:02100103><hex:02100103>A higher gathering rate increases your chances of a prime collectable becoming sublime."
1047,"Collectability"
1048,"The collectability of an item is another means of measuring its intrinsic quality.<hex:02100103><hex:02100103>Collectability required to deliver an item can be confirmed at the top right of the interface.<hex:02100103><hex:02100103>When breaking down items via aetherial reduction, this rating indicates the collectability required to obtain items other than crystals."
1049,""
1050,"Entering V&C Dungeons"
1051,"You can enter a variant or criterion dungeon via the V&C Dungeon Finder window, which is accessed by speaking with the NPC at the dungeon entrance, or by selecting the option from <hex:024804F201FA03><hex:024904F201FB03>Duty<hex:0249020103><hex:0248020103> in the main menu.<hex:02100103><hex:02100103>This window features all the necessary information regarding dungeon entry, as well as the dungeon-specific settings."
1052,"Variant Dungeons"
1053,"The difficulty of a <hex:024804F201FA03><hex:024904F201FB03>variant dungeon<hex:0249020103><hex:0248020103> is automatically adjusted to provide a challenge for parties of between one to four players. Victory will require effort and attention, but it is entirely possible to complete these dungeons alone. <hex:02100103><hex:02100103>If you wish to enter as a solo player or with your current party members, be sure to uncheck the <hex:024804F201FA03><hex:024904F201FB03>Enable party matching<hex:0249020103><hex:0248020103> option (disabled by default). Conversely, enabling this option will match you with other adventurers to tackle the dungeon in a four-player party."
1054,"Variant Actions"
1055,"To allow for greater freedom in role choices, variant dungeons grant players the use of special <hex:024804F201FA03><hex:024904F201FB03>variant actions<hex:0249020103><hex:0248020103>.<hex:02100103><hex:02100103>These actions mimic existing abilities such as <hex:024804F201FA03><hex:024904F201FB03>Cure<hex:0249020103><hex:0248020103> or <hex:024804F201FA03><hex:024904F201FB03>Rampart<hex:0249020103><hex:0248020103>, alleviating the need for dedicated tanks, DPS, or healers. Each player has two actions available for use during the dungeon, and these can be changed <hex:024804F201FA03><hex:024904F201FB03>at any time<hex:0249020103><hex:0248020103> via the <hex:024804F201FA03><hex:024904F201FB03>Set Actions<hex:0249020103><hex:0248020103> button in the V&C Dungeon Finder window."
1056,"Unraveling the Story"
1057,"Variant dungeons feature <hex:024804F201FA03><hex:024904F201FB03>branching paths<hex:0249020103><hex:0248020103>, and by exploring these choices alongside the quest character will you reveal new elements of the overarching story.<hex:02100103><hex:02100103>Upon completing each path, a new entry will be added to the journal or expedition log associated with the dungeon. Simply open the V&C Dungeon Finder window and select the character portrait to browse the completed entries."
1058,"Criterion Dungeons"
1059,"You have unlocked <hex:024804F201FA03><hex:024904F201FB03>criterion dungeons<hex:0249020103><hex:0248020103>, a tier of higher difficulties which can be accessed by switching the tab at the top of the V&C Dungeon Finder window. <hex:02100103><hex:02100103>Criterion dungeons have no accompanying NPC or branching paths to explore. In place of newly discovered story elements, the tab will instead display a list of available dungeons, as well as the amount of <hex:024804F201FA03><hex:024904F201FB03>special currency<hex:0249020103><hex:0248020103> earned from completing these more punishing challenges."
1060,"Criterion Dungeon Restrictions"
1061,"Unlike variant dungeons, criterion dungeons <hex:024804F201FA03><hex:024904F201FB03>do not allow job changes<hex:0249020103><hex:0248020103>. Resurrection via Raise or other abilities is also restricted, being permitted only through use of the special action Variant Raise II.<hex:02100103><hex:02100103>Criterion dungeons of <hex:024804F201FA03><hex:024904F201FB03>Savage<hex:0249020103><hex:0248020103> difficulty disable the use of variant actions completely, and must be attempted by preformed four-player parties meeting the entry requirements."
1062,"Estate Holder Rights"
1063,"Rightsholders can eject specific players from their estate hall or garden and bar them from entering their property for a set period of time.<hex:02100103><hex:02100103>From the Social menu, select “Housing,” followed by “Estate Settings” and lastly “Estate Holder Rights” to adjust the relevant settings."
1064,"Rightsholders"
1065,"Only characters designated as Rightsholders can utilize the relevant features. The Main Rightsholder is determined automatically based on the type of estate. In some cases, Secondary Rightsholders can also be appointed.<hex:02100103><hex:02100103>In the case of free company estates, the company master is designated as the Main Rightsholder, and can appoint shared estate members as Secondary Rightsholders.<hex:02100103><hex:02100103>Apartments and private chambers can only have a Main Rightsholder."
1066,"Barred Characters"
1067,"Characters who have been barred from entering your property are shown on the Barred Characters list. Both Main and Secondary Rightsholders can access the list by selecting “Barred Characters” from the Estate Holder Rights window.<hex:02100103><hex:02100103>To bar a character from your property, you must first be present on your estate and have the requisite authority. Target the character you wish to bar and select “Bar from Property” from the subcommands, then choose “Register as Barred Character.”<hex:02100103><hex:02100103>Barred characters will remain on the Barred Characters list for 10 days. During this time they are prevented from entering your estate hall or garden.<hex:02100103><hex:02100103>Main Rightsholders can remove characters from the list as they see fit."
1068,"Blacklist Referencing"
1069,"Blacklist referencing is a feature that automatically bars characters on a rightsholder's blacklist from entering a property. When a Main Rightsholder or Secondary Rightsholder with the setting enabled is present on an estate, characters on their blacklist will be denied access to the property, and will be automatically registered to the Barred Characters list should they attempt to enter.<hex:02100103><hex:02100103>This setting can be toggled on or off using the checkbox displayed to the left of a character's name under “Rightsholder Settings.”"
1070,"Exceptions"
1071,"Depending on the type of estate, you may be unable to bar certain characters from entering your property. Even when registered to your Barred Characters list, exempt characters will not be ejected from your property, nor denied access.<hex:02100103><hex:02100103>The following characters cannot be barred:<hex:02100103>・The Main Rightsholder<hex:02100103>・Free company estate members<hex:02100103>・Tenants in shared personal housing<hex:02100103>"
1072,"Interior Design"
1073,"Renovate an estate's interior with the interior design feature.<hex:02100103><hex:02100103>From the Social menu, select “Housing,” followed by “Interior Design” to open the relevant window, from which you may select the desired interior style.<hex:02100103><hex:02100103>Once applied, everything inside of the estate aside from the wallpaper, flooring, and ceiling lights will be changed. Please note that the floor layout, including the position of the stairs, may also be altered."
1074,"Requirements"
1075,"The interior design of cottages, houses, and mansions can be changed.<hex:02100103><hex:02100103>To accommodate a newly applied interior style, all placed furnishings will be moved to the storeroom. The interior design process cannot be completed should the storeroom possess insufficient space.<hex:02100103><hex:02100103>Additionally, interior design adjustments cannot be made within fifteen days of estate auto-demolition.<hex:02100103><hex:02100103><hex:024804F201F403><hex:024904F201F503>※The interior design of apartments and private chambers cannot be changed.<hex:0249020103><hex:0248020103>"
1076,"Authorization"
1077,"Adjustment of an estate's interior design can only be performed by those granted the necessary authorization.<hex:02100103><hex:02100103>Free Company estates: Members who have been granted both hall remodeling and furnishing placement authorization may change the estate's interior design.<hex:02100103><hex:02100103>Private estates: In addition to the owners, tenants with authorization to add, remove, or change the position/color of estate furnishings or walls may change the estate's interior design."
1078,"<hex:021E020B03>Subcommands　<hex:021E020C03>Increase Cursor Speed"
1079,""
1080,""
1081,""
1082,""
1083,""
1084,""
1085,""
1086,""
1087,""
1088,""
1089,""
1090,""
1091,""
1092,""
1093,""
1094,""
1095,""
1096,""
1097,""
1098,""
1099,""
2000,""
