key,0,1,2
#,Image,Text,NpcName
offset,8,0,4
int32,Image,str,str
0,0,"",""
1,0,"",""
2,0,"",""
3,0,"",""
4,0,"",""
5,0,"The reconstruction of the Firmament has officially begun.","Francel"
6,0,"The reconstruction of the Firmament has officially begun.","Francel"
7,0,"New collection counters open for business!","Potkin"
8,0,"New collection counters open for business!","Potkin"
9,0,"Help needed to improve site ambience!","Lizbeth"
10,0,"Help needed to improve site ambience!","Lizbeth"
11,0,"Works in the Mendicant's Court are now complete.","Francel"
12,70301,"In my capacity as overseer, it is with great pleasure that I, Francel de Haillenarte, announce the official commencement of the reconstruction of the Firmament district.<hex:02100103><hex:02100103>As the first step in our ongoing efforts, we shall establish the Mendicant's Court as our base of operations. This area shall house facilities essential to the smooth and efficient operation of the project, and I humbly call upon your cooperation in laying the first stone in our great cause.<hex:02100103><hex:02100103>Francel de Haillenarte",""
13,70302,"Once we have enough materials stockpiled, I'll schedule works for the first stage. Hope to see our builders out in force.<hex:02100103><hex:02100103>For your reference, the workflow's as follows:<hex:02100103>1. Obtain material from supply pile<hex:02100103>2. Process material at work station<hex:02100103>3. Assemble material at assembly site<hex:02100103><hex:02100103>Simple as that. Let's do a good job of it, eh?<hex:02100103><hex:02100103>Augebert",""
14,70303,"I wish to personally thank those of you who aided in the construction of the facilities on the east side. With a fully furnished counter from which to work, I can perform my collection duties with greater ease and efficiency.<hex:02100103><hex:02100103>Preparations are now underway to build facilities on the court's west, and for this we will of course require more supplies. I look forward to your continued contributions!<hex:02100103><hex:02100103>Potkin",""
15,70304,"Once we have enough materials stockpiled, I'll schedule works for the second stage. Hope to see our builders out in force.<hex:02100103><hex:02100103>The workflow will be the same as before, but here it is again for good measure:<hex:02100103>1. Obtain material from supply pile<hex:02100103>2. Process material at work station<hex:02100103>3. Assemble material at assembly site<hex:02100103><hex:02100103>Nothing to it. Keep up the good work, everyone.<hex:02100103><hex:02100103>Augebert",""
16,70305,"Dear friends of the Firmament,<hex:02100103><hex:02100103>As the base of operations for the reconstruction effort, the Mendicant's Court can be likened to a home to us. And a home, if nothing else, should be cheery and welcoming.<hex:02100103><hex:02100103>To that end, I propose that we improve the ambience of the court by refurbishing the skybuilders' board and lighting the braziers. A worthwhile cause, I hope you will agree, and help me to make it possible by contributing the necessary supplies.<hex:02100103><hex:02100103>Lizbeth",""
17,70306,"The works for the third stage has two parts: feeding the braziers and refurbishing the skybuilders' board.<hex:02100103><hex:02100103>Braziers:<hex:02100103>1. Obtain material from supply pile<hex:02100103>2. Process material into firewood at work station<hex:02100103>3. Feed firewood to brazier<hex:02100103>Skybuilders' board:<hex:02100103>1. Obtain material from supply pile<hex:02100103>2. Process material at work station<hex:02100103>3. Assemble material at assembly site<hex:02100103><hex:02100103>Nothing complicated. Let's all rally behind Lizbeth, eh?<hex:02100103><hex:02100103>Augebert",""
18,70307,"I am pleased to announce the completion of all works in the Mendicant's Court. This brings us to a brief hiatus as plans are finalized for the next phase, but you may as ever contribute to the cause by donating supplies.<hex:02100103><hex:02100103>This is a momentous malmstone in our efforts, and we may rightly be proud for having reached it. But let none be mistaken: we still have a mountain to climb. The complete reconstruction of the Firmament will still take a tremendous amount of time and effort. Nonetheless, I am determined as ever to see that this district one day brims with smiles and happiness, and it is my hope that I can rely on your ongoing cooperation.<hex:02100103><hex:02100103>Francel de Haillenarte",""
19,0,"Supplies sought by the Firmament reconstruction project take the form of collectables.<hex:02100103><hex:02100103>Upon receiving an explanation from Potkin, you may review the recipes for these items under <hex:024804F201F403><hex:024904F201F503>Ishgard Restoration<hex:0249020103><hex:0248020103> in your crafting log.<hex:02100103><hex:02100103>Deliveries may be made to Potkin, who will issue you with an amount in skybuilders' scrips commensurate with the item and its collectability.<hex:02100103><hex:02100103>All contributions will be put to good use in the reconstruction effort, and we eagerly look forward to receiving yours.",""
20,0,"When sufficient supplies have been stockpiled, a call will go out for builders to assemble for a brief-but-intensive collaborative task known as concerted works.<hex:02100103><hex:02100103>In order to ensure a high level of participation, works are announced ahead of time on the skybuilders' board.<hex:02100103><hex:02100103>Due to the specialized nature of these works, they can only be undertaken by crafters and gatherers. The specifics of upcoming works may be reviewed on this board.<hex:02100103><hex:02100103>Participants will earn skybuilders' scrips as a reward.<hex:02100103><hex:02100103><hex:024804F201FC03><hex:024904F201FD03>The restoration project has been completed, and there are no plans for further concerted works.<hex:0249020103><hex:0248020103>",""
21,0,"The Houses of Lords and Commons have approved large-scale works to restore the Holy See of Ishgard. The principal site for the project is the Firmament district, which sustained extensive damage during the war.<hex:02100103><hex:02100103>Willing and able hands are sought to contribute to the reconstruction effort, regardless of birth and origin. Foreign experts will primarily be tasked with technical oversight along with the preparation and procurement of supplies.<hex:02100103><hex:02100103>Contributions are rewarded by way of skybuilders' scrips, which may be exchanged in the district for myriad wares. For more information, please seek out Enie.<hex:02100103><hex:02100103>All participants are urged to refer to this notice board often for project news such as pending works.<hex:02100103><hex:02100103>We thank you for your part in rebuilding our great nation.<hex:02100103><hex:02100103><hex:024804F201FC03><hex:024904F201FD03>The restoration project has been completed, and we humbly thank all of you who contributed to its success.<hex:0249020103><hex:0248020103>",""
22,0,"Works on the Mattock have begun.","Francel"
23,0,"Works on Saint Roelle's Dais have begun.","Francel"
24,0,"Works on the New Nest have begun.","Francel"
25,0,"The reconstruction of the New Nest is complete!","Francel"
26,70308,"I wish to begin by offering my heartfelt thanks for your ongoing efforts on the Firmament's behalf.<hex:02100103><hex:02100103>Next, allow me to apologize for any inconvenience you may have experienced during the previous phase of works. So great were the number of willing hands, we were figuratively and literally overwhelmed, but I pledge that we will do better by our valued builders in future.<hex:02100103><hex:02100103>For the current phase of the restoration, we shall build the New Nest, a residential quarter intended for those who lost their homes in the fires of war. Works will begin with the construction of the main thoroughfare, the Mattock. My humble thanks in advance for your contribution to the cause.<hex:02100103><hex:02100103>Francel de Haillenarte",""
27,70309,"Our first task for the new phase is clearing out the collapsed pillars just north of the court.<hex:02100103><hex:02100103>We'll go about it as follows:<hex:02100103>1. Break down large debris<hex:02100103>2. Gather up fragments<hex:02100103>3. Transport fragments for disposal<hex:02100103><hex:02100103>As easy as falling off a log.<hex:02100103><hex:02100103>Augebert",""
28,70310,"Your friendly local resource inspector, Flotpassant, at your service! In the upcoming concerted works, we shall continue to clear out debris along the Mattock. The way is narrow, so please take care with your footing.<hex:02100103><hex:02100103>The works will unfold as follows:<hex:02100103>1. Break down large debris<hex:02100103>2. Gather up fragments<hex:02100103>3. Transport fragments for disposal<hex:02100103><hex:02100103>Our intrepid gatherers are also welcome to join in the works, and we hope to see full many of you out there between your fruitful forays to the Diadem.<hex:02100103><hex:02100103>Flotpassant",""
29,70311,"Dear friends of the Firmament,<hex:02100103><hex:02100103>Our good progress continues on the Mattock, and we now look to the next works, which comprise the following:<hex:02100103><hex:02100103>Clearing:<hex:02100103>1. Clear away fine debris<hex:02100103>Repairing:<hex:02100103>1. Obtain material from supply pile<hex:02100103>2. Process material at work station<hex:02100103>3. Repair damaged area<hex:02100103><hex:02100103>Many thanks, and may the Kupo of Fortune favor you!<hex:02100103><hex:02100103>Lizbeth",""
30,70312,"It's the final stretch for the Mattock, people. Last but not least, we're building the fountain.<hex:02100103><hex:02100103>Workflow's as follows:<hex:02100103>1. Obtain material from supply pile<hex:02100103>2. Process material at work station<hex:02100103>3. Use material at building site<hex:02100103><hex:02100103>This is to be a place of rest and relaxation, so let's do a good job of it, eh?<hex:02100103><hex:02100103>Augebert",""
31,70313,"Thanks to your tireless efforts, the Mattock now stretches out before us in splendor. This thoroughfare will serve as a vital artery for transporting materials for upcoming works, and ere long its paving stones shall ring with the footfalls of residents. My humblest gratitude to one and all.<hex:02100103><hex:02100103>The next step in the phase is the construction of Saint Roelle's Dais. The site is rife with uneven surfaces, so please exercise the utmost caution when navigating the area.<hex:02100103><hex:02100103>Francel de Haillenarte",""
32,70314,"The Mattock's complete thanks to everyone's hard work, but don't dust off your hands just yet. The next stage of construction beckons, and we need to put up a bunch of scaffolds.<hex:02100103><hex:02100103>Here's how we're going to go about it:<hex:02100103>1. Obtain material from supply pile<hex:02100103>2. Process material at work station<hex:02100103>3. Assemble material at assembly site<hex:02100103><hex:02100103>Nothing I reckon you haven't done before.<hex:02100103><hex:02100103>Augebert",""
33,70315,"Esteemed builders,<hex:02100103><hex:02100103>I pray this announcement finds you ready and willing to participate in the upcoming concerted works, which will unfold in the following manner:<hex:02100103>1. Break down large debris<hex:02100103>2. Gather up fragments<hex:02100103>3. Transport fragments for disposal<hex:02100103><hex:02100103>I look forward to seeing beads of sweat glistening upon your brows like so many glittering jewels!<hex:02100103><hex:02100103>Your faithful skyward score tallier,<hex:02100103><hex:02100103>Ludovraint",""
34,70316,"For the upcoming concerted works, we're going to do some clearing and repairing for Saint Roelle's Dais.<hex:02100103><hex:02100103>Clearing:<hex:02100103>1. Clear away fine debris<hex:02100103>Repairing:<hex:02100103>1. Obtain material from supply pile<hex:02100103>2. Process material at work station<hex:02100103>3. Repair damaged area<hex:02100103><hex:02100103>Fundamental work, but let's give it no less than our best.<hex:02100103><hex:02100103>Augebert",""
35,70317,"Next up for Saint Roelle's Dais, we're building the water channel and the stage itself.<hex:02100103><hex:02100103>We'll take it as follows:<hex:02100103>1. Obtain material from supply pile<hex:02100103>2. Process material at work station<hex:02100103>3. Use material at building site<hex:02100103><hex:02100103>It's the finishing touches now, so let's do it with pride!<hex:02100103><hex:02100103>Augebert",""
36,70318,"It is with great pleasure that I announce the completion of Saint Roelle's Dais. With its inviting ambience, it promises to bring together folk from all walks of life, for great things and small.<hex:02100103><hex:02100103>Having finished our work on the connecting pathways, we now turn our gaze towards the New Nest proper. Given the expansive size of the area, this will be a long undertaking, but together we shall see it completed to the last brick.<hex:02100103><hex:02100103>Francel de Haillenarte",""
37,70319,"We're finally getting started on the New Nest itself. First order of business is to clear out debris, and we'll be working according to the following steps:<hex:02100103>1. Break down large debris<hex:02100103>2. Gather up fragments<hex:02100103>3. Transport fragments for disposal<hex:02100103><hex:02100103>There's a lot of ground to cover, so every hand counts.<hex:02100103><hex:02100103>Augebert",""
38,70320,"Owing to your generous donations, we have been able to make steady progress on the construction effort. We now humbly request your participation in the forthcoming concerted works, which aim to clear away more debris.<hex:02100103><hex:02100103>The task will be performed as follows:<hex:02100103>1. Break down large debris<hex:02100103>2. Gather up fragments<hex:02100103>3. Transport fragments for disposal<hex:02100103><hex:02100103>I thank you for your continued cooperation.<hex:02100103><hex:02100103>Potkin",""
39,70321,"Dear friends of the Firmament,<hex:02100103><hex:02100103>I am pleased to say that the New Nest site is almost free of debris, and the next concerted works should see the last of it removed.<hex:02100103><hex:02100103>For the sake of thoroughness, here is the workflow again:<hex:02100103>1. Break down large debris<hex:02100103>2. Gather up fragments<hex:02100103>3. Transport fragments for disposal<hex:02100103><hex:02100103>Many thanks as always, and may the Kupo of Fortune favor you!<hex:02100103><hex:02100103>Lizbeth",""
40,70322,"It took us a good while, but the New Nest site is now ready for construction. On the docket for the upcoming concerted works is some clearing and repairing.<hex:02100103><hex:02100103>Clearing:<hex:02100103>1. Clear away fine debris<hex:02100103>Repairing:<hex:02100103>1. Obtain material from supply pile<hex:02100103>2. Process material at work station<hex:02100103>3. Repair damaged area<hex:02100103><hex:02100103>Hope to see you out there helping to lay the groundwork.<hex:02100103><hex:02100103>Augebert",""
41,70323,"Thanks to all the donations we've received, we can finally start working on the centerpiece of the New Nest: houses.<hex:02100103><hex:02100103>The workflow's as follows:<hex:02100103>1. Obtain material from supply pile<hex:02100103>2. Process material at work station<hex:02100103>3. Assemble material at assembly site<hex:02100103><hex:02100103>Let's set to it and build warm, welcoming dwellings that folk'll be proud to call home.<hex:02100103><hex:02100103>Augebert",""
42,70324,"What a fine feeling it is to see one house rise after the next! Let us keep up with our efforts in the next concerted works!<hex:02100103><hex:02100103>Below are the particulars:<hex:02100103>1. Obtain material from supply pile<hex:02100103>2. Process material at work station<hex:02100103>3. Assemble material at assembly site<hex:02100103><hex:02100103>And remember, when you've collected enough skybuilders' scrips, I should be glad to exchange them for you!<hex:02100103><hex:02100103>Enie",""
43,70325,"This is it, people! We're down to the final three houses to be built!<hex:02100103><hex:02100103>You'll all know this by now, but here're the steps again:<hex:02100103>1. Obtain material from supply pile<hex:02100103>2. Process material at work station<hex:02100103>3. Assemble material at assembly site<hex:02100103><hex:02100103>With this, all works for the phase will be complete, so let's hold absolutely nothing back!<hex:02100103><hex:02100103>Augebert",""
44,70326,"Words cannot well express my joy at the completion of the New Nest. The residential quarter stands ready to warmly welcome those Ishgardians bereft of hearth and home, and I am immeasurably grateful to all of you who helped to make it possible.<hex:02100103><hex:02100103>Suffice it to say this is a tremendous achievement in the restoration effort, yet much and more remains to be done. Until such time as we finalize our plans for the next phase, I humbly ask for your continued contribution in the way of supplies.<hex:02100103><hex:02100103>Francel de Haillenarte",""
45,0,"The Kupo of Fortune is a game of chance that can be played by delivering certain items to Potkin and collecting stamps on a voucher.<hex:02100103><hex:02100103>Once you have collected five stamps, you may exchange the voucher for a Kupo of Fortune card. Upon each card, there are four treasure chests depicted by hexagons─one on the left and three on the right. You may choose one chest to scratch open.<hex:02100103><hex:02100103>The lone chest on the left offers second to fourth prize, while the three chests on the right offer first to fifth, with the fifth being a consolation prize. The prizes available change each time, and we recommend that you review the prize list before playing.<hex:02100103><hex:02100103>Simply by donating supplies, you could win rare and fabulous prizes! Seek out Lizbeth to test your luck!",""
46,0,"Let it be known that the Diadem has received official designation as a foraging ground for the Ishgardian restoration project. Against this background, passage to the isles is now provided to able gatherers, who will additionally be furnished with a device known as an aetheromatic auger as a means of personal protection and resource procurement both.<hex:02100103><hex:02100103>For safety reasons, materials thus obtained in the Diadem must undergo inspection. Upon returning from a foray, we ask that you please present all items to our resource inspector, Flotpassant. You will be awarded an amount in skybuilders' scrips by way of recompense.<hex:02100103><hex:02100103>For further information, please seek out the head of exploratory missions, Aurvael de Haillenarte.",""
47,0,"Works on Featherfall have begun.","Francel"
48,0,"Works on the Abacus have begun.","Francel"
49,0,"Works on Hoarfrost Hall have begun.","Francel"
50,0,"The reconstruction of Featherfall is complete!","Francel"
51,70327,"Pray allow me to express my most sincere gratitude to all skybuilders for your tireless efforts on our behalf.<hex:02100103><hex:02100103>The construction of the New Nest was no small challenge, but once again you proved yourselves more than up to the task, as proven by the countless adventurers and others who are now proud to call the district home.<hex:02100103><hex:02100103>In this next stage of the restoration, we shall transform the western area into Featherfall, a commercial quarter that is to serve as the beating heart of the Firmament's new economy, bringing prosperity and a higher standard of living to Ishgardians one and all. My humble thanks for your selfless contribution to the cause.<hex:02100103><hex:02100103>Francel de Haillenarte",""
52,70328,"The area to the west of the Mendicant's Court is going to be home to a lively market one day, but right now it's only home to an unsightly collection of refuse and debris─and that's where you come in.<hex:02100103><hex:02100103>The order of the day:<hex:02100103>1. Break down large debris<hex:02100103>2. Gather up fragments<hex:02100103>3. Transport fragments for disposal<hex:02100103><hex:02100103>It ain't a glamorous job, but it's an important one. We're counting on you.<hex:02100103><hex:02100103>Augebert",""
53,70329,"Greetings, brave skybuilders, and please know that your efforts on the Firmament's behalf do not go unappreciated by me or any of my colleagues. Today's task will involve clearing more debris from the district that will one day be Featherfall.<hex:02100103><hex:02100103>We will proceed as follows:<hex:02100103>1. Break down large debris<hex:02100103>2. Gather up fragments<hex:02100103>3. Transport fragments for disposal<hex:02100103><hex:02100103>Should you ever have need of dyes or other materials for repairing, pray visit my shop. I would be happy to afford you with whatever you need.<hex:02100103><hex:02100103>Eilonwy",""
54,70330,"Honored skybuilders,<hex:02100103><hex:02100103>I pray this notice finds you hale, hearty, and eager to participate in another round of concerted works, which are set to proceed as follows:<hex:02100103>1. Break down large debris<hex:02100103>2. Gather up fragments<hex:02100103>3. Transport fragments for disposal<hex:02100103><hex:02100103>I look forward to hearing the sound of your mighty hammers and pickaxes ringing out throughout Featherfall!<hex:02100103><hex:02100103>Ever your dutiful skyward score tallier,<hex:02100103><hex:02100103>Ludovraint",""
55,70331,"How inspiring it is to see Featherfall slowly but surely restored to grandeur! Truly, we are ever in your debt.<hex:02100103><hex:02100103>Today, we wish to ask your cooperation in two most vital tasks:<hex:02100103>Clearing:<hex:02100103>1. Clear away fine debris<hex:02100103>Repairing:<hex:02100103>1. Obtain material from supply pile<hex:02100103>2. Process material at work station<hex:02100103>3. Repair damaged area<hex:02100103><hex:02100103>And pray do not forget that it would be my<hex:02100103>pleasure to exchange the skybuilders'<hex:02100103>scrips you've accumulated at any time!<hex:02100103><hex:02100103>Enie",""
56,70332,"Good work paving the streets of Featherfall, builders. Now we can get to the heart of it: putting up the buildings that will serve as the district's residences and shops.<hex:02100103><hex:02100103>Task's simple enough:<hex:02100103>1. Obtain material from supply pile<hex:02100103>2. Process material at work station<hex:02100103>3. Use material at building site<hex:02100103><hex:02100103>Let's make Featherfall a place traders and artisans will be happy to call home, shall we?<hex:02100103><hex:02100103>Augebert",""
57,70333,"Thanks to your efforts, the supplies keep flowing in, which means Potkin's as pleased as a man can be. I'm also pleased to announce the commencement of the next round of concerted works, your participation in which would be most appreciated.<hex:02100103><hex:02100103>The workflow is one you're doubtless familiar with:<hex:02100103>1. Obtain material from supply pile<hex:02100103>2. Process material at work station<hex:02100103>3. Use material at building site<hex:02100103><hex:02100103>May the Kupo of Fortune smile upon you, skybuilders!<hex:02100103><hex:02100103>Potkin",""
58,70334,"Your friendly local resource inspector, Flotpassant, here! Did you miss me? Today's works will see us put the finishing touches on Featherfall's residences─an important task, to say the least.<hex:02100103><hex:02100103>The agenda for the day:<hex:02100103>1. Obtain material from supply pile<hex:02100103>2. Process material at work station<hex:02100103>3. Use material at building site<hex:02100103><hex:02100103>Should any of our brave gatherers wish to lend their aid to the cause before your next expedition to the Diadem, know that we would be full glad for your support!<hex:02100103><hex:02100103>Flotpassant",""
59,70335,"It is with great pleasure and pride that I announce the completion of Featherfall's commercial district. The branch office of the Skysteel Manufactory that now stands as a testament to your tireless efforts is sure to bring forth a wealth of technological wonders that will enrich the daily lives of Ishgardians and spur the restoration to still greater heights.<hex:02100103><hex:02100103>And yet, our work is far from done. The next stage of works will see us pave the way for the Abacus─so named for the counting instruments employed by the myriad merchants and traders that will peddle all manner of wondrous wares on the majestic avenue<hex:02100103>that it will be when construction is<hex:02100103>done. It is in this spirit that I humbly<hex:02100103>ask for the continued cooperation of all<hex:02100103>who are willing and able.<hex:02100103><hex:02100103>Francel de Haillenarte",""
60,70336,"When our work is done, the Abacus will cut a clear path all the way to the Mattock, but as is, you can barely take two steps without tripping over a pile of debris. That's where we come in.<hex:02100103><hex:02100103>We'll proceed in the following manner:<hex:02100103>1. Break down large debris<hex:02100103>2. Gather up fragments<hex:02100103>3. Transport fragments for disposal<hex:02100103><hex:02100103>Steep slopes abound, so take care to watch your footing.<hex:02100103><hex:02100103>Augebert",""
61,70337,"Dear friends of the Firmament,<hex:02100103><hex:02100103>Progress proceeds apace on the Abacus, and we are set to commence the next stage of concerted works, which shall comprise the following:<hex:02100103><hex:02100103>Clearing:<hex:02100103>1. Clear away fine debris<hex:02100103>Repairing:<hex:02100103>1. Obtain material from supply pile<hex:02100103>2. Process material at work station<hex:02100103>3. Repair damaged area<hex:02100103><hex:02100103>Our sincere thanks for your efforts, and<hex:02100103>may the Kupo of Fortune ever<hex:02100103>smile upon you!<hex:02100103><hex:02100103>Lizbeth",""
62,70338,"Esteemed builders,<hex:02100103><hex:02100103>Thanks in no small part to your dedicated efforts on our behalf, the Abacus is beginning to resemble the thriving marketplace it will be more and more by the day. Today's concerted efforts, as detailed below, will bring us ever closer to that goal.<hex:02100103><hex:02100103>1. Obtain material from supply pile<hex:02100103>2. Process material at work station<hex:02100103>3. Use material at building site<hex:02100103><hex:02100103>I look forward to seeing these streets shine as a testament to your artisanal prowess and<hex:02100103>aesthetic sensibilities.<hex:02100103><hex:02100103>Your faithful skyward score tallier,<hex:02100103><hex:02100103>Ludovraint",""
63,70339,"Thanks to your tireless efforts and surpassing skill, the Abacus is complete, and it is a more majestic avenue than even I had ever envisioned. Truly, I have not the words to express my gratitude.<hex:02100103><hex:02100103>And yet, there is still work to be done. With the Firmament serving ever more as the beating heart of the new Ishgard, we have need of a residence hall sufficient to house the increasing numbers of craftsmen, merchants, and laborers that have relocated here. And so we shall commence work on our most ambitious project to date─the construction of the Hoarfrost. I most humbly entreat your continued support.<hex:02100103><hex:02100103>Francel de Haillenarte",""
64,70340,"In all my years, I've never worked on a structure as ambitious as the Hoarfrost, and I reckon you haven't either. This will demand the best from all our builders, but I'm sure you're up to the task.<hex:02100103><hex:02100103>Concerted works will be carried out as follows:<hex:02100103>1. Obtain material from supply pile<hex:02100103>2. Process material at work station<hex:02100103>3. Assemble material at assembly site<hex:02100103><hex:02100103>Let's set to it and build a residence hall that folk'll be happy to come home to every night.<hex:02100103><hex:02100103>Augebert",""
65,70341,"Friends, builders, countrymen─it is with the utmost pride and joy that I announce the completion of Featherfall. From this day forward, Ishgard shall have a new center of trade and commerce worthy of this new age of enlightenment and prosperity.<hex:02100103><hex:02100103>It goes without saying that is a momentous achievement─not only in the restoration, but in the annals of our fair nation─and it is one that would not have been possible without each and every one of you working selflessly and tirelessly on our behalf. Ishgard shall not soon forget your invaluable contributions, and neither shall I.<hex:02100103><hex:02100103>Francel de Haillenarte",""
66,0,"Works on the western Risensong Quarter have begun.","Francel"
67,0,"Works on Bright Ballad's Passage have begun.","Francel"
68,0,"Works on the eastern Risensong Quarter have begun.","Francel"
69,0,"Works on the skybuilders' monument have begun.","Francel"
70,0,"The reconstruction of the Firmament is complete!","Francel"
71,70342,"Thanks to your tireless efforts, we are now come to the fourth and final phase of the Firmament's restoration. Much work yet remains to be done, but together we shall see the district stand completed as a shining symbol of a new age for Ishgard.<hex:02100103><hex:02100103>Francel de Haillenarte",""
72,70343,"All right, people, to begin with we're going to clear away debris─did you ever doubt it?<hex:02100103><hex:02100103>You'll all be dab hands by now, but for good measure here's how it works:<hex:02100103>1. Break down large debris<hex:02100103>2. Gather up fragments<hex:02100103>3. Transport fragments for disposal<hex:02100103><hex:02100103>This marks the start of the final phase of the reconstruction, so let's move with purpose.<hex:02100103><hex:02100103>Augebert",""
73,70344,"Esteemed builders,<hex:02100103><hex:02100103>Pleased am I to announce the upcoming works, which will see the western Risensong Quarter prepared for construction as follows:<hex:02100103>Clearing:<hex:02100103>1. Clear away fine debris<hex:02100103>Repairing:<hex:02100103>1. Obtain material from supply pile<hex:02100103>2. Process material at work station<hex:02100103>3. Repair damaged area<hex:02100103><hex:02100103>I look forward to hearing the soothing swish of your broomsticks in every corner of the work site.<hex:02100103><hex:02100103>Your faithful skyward score tallier,<hex:02100103><hex:02100103>Ludovraint",""
74,70345,"The groundwork's been laid, so it's time to build in earnest.<hex:02100103><hex:02100103>We have some residences on the docket, and here's how we'll go about it:<hex:02100103>1. Obtain material from supply pile<hex:02100103>2. Process material at work station<hex:02100103>3. Assemble material at assembly site<hex:02100103><hex:02100103>Hope to see you all out there doing your bit!<hex:02100103><hex:02100103>Augebert",""
75,70346,"Dear friends of the Firmament,<hex:02100103><hex:02100103>The western Risensong Quarter begins to take shape, and the next concerted works will see more residences built.<hex:02100103><hex:02100103>The work will take place as follows:<hex:02100103>1. Obtain material from supply pile<hex:02100103>2. Process material at work station<hex:02100103>3. Use material at building site<hex:02100103><hex:02100103>Our heartfelt thanks for your contributions, and may the Kupo of Fortune bring you many happy returns!<hex:02100103><hex:02100103>Lizbeth",""
76,70347,"On behalf of my colleagues, I would like to express my gratitude for your generous donations, without which I would not be posting this notice for the upcoming concerted works.<hex:02100103><hex:02100103> The particulars are as follows:<hex:02100103>1. Obtain material from supply pile<hex:02100103>2. Process material at work station<hex:02100103>3. Assemble material at assembly site<hex:02100103><hex:02100103>These works will see the western Risensong Quarter completed, and I hope to see our skybuilders out in force!<hex:02100103><hex:02100103>Potkin",""
77,70353,"Owing to your tireless contributions, the western Risensong Quarter has been completed. Yet it is but the first of many tasks ahead, and we now turn our gaze towards the next: Bright Ballad's Passage.<hex:02100103><hex:02100103>Connecting the Firmament to the Pillars, the passage shall enhance accessibility and encourage ever more people to visit our fair district. As we set about laying the paving stones, it is my hope that we can rely upon your continued aid.<hex:02100103><hex:02100103>Francel de Haillenarte",""
78,70354,"This is your friendly local resource inspector, Flotpassant, back once more to inform you of the impending works on Bright Ballad's Passage.<hex:02100103><hex:02100103>For these works, you will be required to:<hex:02100103>1. Break down large debris<hex:02100103>2. Gather up fragments<hex:02100103>3. Transport fragments for disposal<hex:02100103><hex:02100103>When all is said and done (well), we shall have our passage, so let no builder spare any effort!<hex:02100103><hex:02100103>Flotpassant",""
79,70348,"Venerable builders,<hex:02100103><hex:02100103>Your unflagging efforts have seen Bright Ballad's Passage laid to the last paving stone. The way now lies open not only to the Pillars, but also the next stage of our plan: the construction of the eastern Risensong Quarter.<hex:02100103><hex:02100103>As always, it begins with the amassing of supplies, and we look forward to your generous donations in the coming days.<hex:02100103><hex:02100103>Francel de Haillenarte",""
80,70349,"Ahead of works on the eastern Risensong Quarter, we're going to─you guessed it─clear out debris.<hex:02100103><hex:02100103>For the sake of thoroughness, here's how we'll go about it:<hex:02100103>1. Break down large debris<hex:02100103>2. Gather up fragments<hex:02100103>3. Transport fragments for disposal<hex:02100103><hex:02100103>On a brighter note, this will be the last bit of rubble we'll see. Ever. So let's give it everything we've got, eh?<hex:02100103><hex:02100103>Augebert",""
81,70350,"Dear friends of the Firmament,<hex:02100103><hex:02100103>Please be kindly informed that the forthcoming works will involve clearing and repairing as follows:<hex:02100103>Clearing:<hex:02100103>1. Clear away fine debris<hex:02100103>Repairing:<hex:02100103>1. Obtain material from supply pile<hex:02100103>2. Process material at work station<hex:02100103>3. Repair damaged area<hex:02100103><hex:02100103>Once the above tasks are finished, all that remains will be to build, build, and build some more!<hex:02100103><hex:02100103>Lizbeth",""
82,70351,"Distinguished builders, we thank you for your patience. For the upcoming works, we will be building the first of the residences in the eastern Risensong Quarter.<hex:02100103><hex:02100103>The order of the day:<hex:02100103>1. Obtain material from supply pile<hex:02100103>2. Process material at work station<hex:02100103>3. Use material at building site<hex:02100103><hex:02100103>On a side note, should you have need of sundry supplies or repairs, you need look no further than yours truly.<hex:02100103><hex:02100103>Eilonwy",""
83,70352,"Thanks to the wealth of supplies you have donated, we are now ready to build the last of the residences.<hex:02100103><hex:02100103>The work will proceed as follows:<hex:02100103>1. Obtain material from supply pile<hex:02100103>2. Process material at work station<hex:02100103>3. Use material at building site<hex:02100103><hex:02100103>I keenly look forward to seeing the fruits of our artisans' labors!<hex:02100103><hex:02100103>Potkin",""
84,70355,"It gives me great pleasure to announce the completion of the eastern Risensong Quarter, an achievement that brings us to the cusp of our long journey's end.<hex:02100103><hex:02100103>As we take our final steps, we shall next build Snowsoak Springs. These bathhouses will provide relaxation and healing to one and all, and I can imagine no facility more fitting upon which to conclude our labors. I pray that you will lend your expertise to its construction.<hex:02100103><hex:02100103>Francel de Haillenarte",""
85,70356,"The construction of Snowsoak Springs will soon commence, and we call upon the adept aid of all available builders.<hex:02100103><hex:02100103>The works will comprise:<hex:02100103>1. Obtain material from supply pile<hex:02100103>2. Process material at work station<hex:02100103>3. Use material at building site<hex:02100103><hex:02100103>When the bathhouses are finished, we can all enjoy a nice, relaxing soak! Wouldn't that be grand?<hex:02100103><hex:02100103>Enie",""
86,70357,"Our work's more or less done, but there's one more thing I'd like everyone's help on: a monument to honor those who made the reconstruction possible.<hex:02100103><hex:02100103>We're planning to erect this at the Abacus like so:<hex:02100103>1. Obtain material from supply pile<hex:02100103>2. Process material at work station<hex:02100103>3. Assemble material at assembly site<hex:02100103><hex:02100103>Yes, yes, I realize you'd essentially be building a monument to yourselves, but by now you ought to know we wouldn't trust the job to anyone else!<hex:02100103><hex:02100103>Augebert",""
87,70358,"Ours has been a long road, but we have reached our destination. We have completed the reconstruction of the Firmament. And though this is by any measure a remarkable feat, we have not simply rebuilt structures. We have rebuilt lives. And beside the honor of working with such a gathering of fine folk, this is what fills me with the greatest pride.<hex:02100103><hex:02100103>We could not have accomplished this without the tireless efforts of all involved. No words will suffice to express my gratitude, but I wish to thank you from the bottom of my heart. Till fate next sees fit to bring us together again, I wish you every success.<hex:02100103><hex:02100103>Francel de Haillenarte<hex:02100103><hex:02100103>～Addendum～<hex:02100103>Supplies are ever needed in the running of the district, and we will continue to welcome your kind donations.",""
88,0,"The Skyrise Celebration is underway!","Francel"
89,70359,"Owing to the tireless efforts of our esteemed skybuilders, the Firmament stands completed in all its resplendent glory. To mark this most momentous of occasions, and to bid welcome to visitors from lands near and far to our new home, we are presently hosting a festival─the Skyrise Celebration.<hex:02100103><hex:02100103>Chief among the amusements at the festival are diverting games known as fêtes, and attractive prizes await those who participate. We hope that you will find a moment to join us in the revelry.<hex:02100103><hex:02100103>Francel",""
90,0,"Fêtes are large-scale games held at regular intervals as part of the Skyrise Celebration.<hex:02100103><hex:02100103>During an event period, several fêtes are held in succession and offer rewards to participants.<hex:02100103><hex:02100103>We look forward to seeing artisans of all persuasions out there taking part in these light-hearted challenges.",""
